66,Apple Heart Thrive Energy Bar,1.00,bakery
67,Apple Kiwi Strawberry Juice,1.00,beverages
68,Apples and Plums Stage 2 Baby Food,1.00,babies
32,Adult Urinary Tract Health Formula Cat Food,1.00,pets
33,Advance Powder,1.00,babies
34,Air Heads Ice Pops,1.00,frozen
16,2-In-1 Ocean Charge Shampoo & Conditioner,1.00,personal care
91,Bamba Peanut Snack,1.00,international
17,2chic Avocado & Olive Oil Shampoo Travel Size,1.00,personal care
63,Antibacterial Spray,1.00,personal care
57,Andouille Smoked Pork Sausage,1.00,meat seafood
18,3 Bean Salad,1.00,canned goods
92,Banana & Sweet Potato Organic Teething Wafers,1.00,babies
35,Ale,Variety,1.00,alcohol
64,Antioxidant Infusions Costa Rica Clementine,1.00,beverages
58,Anejo Tequila,1.00,alcohol
93,Banana Nut Muffin,1.00,bakery
36,All Black Single Original Coffee,1.00,missing
65,Apple Ale,1.00,alcohol
59,Angus Roast Beef,1.00,meat seafood
37,All Natural Crispy with Panko Breading & Sea Salt Onion Rings,1.00,frozen
13,16 Oz White Plastic Tumbler Glasses,1.00,household
88,Baked Sea Salt & Vinegar Potato Chips,1.00,snacks
14,2% Low-fat Cottage Cheese,1.00,dairy eggs
60,Animalitos Cookies,1.00,snacks
89,Bakery Classics Sliders Golden Potato Buns,1.00,bakery
15,2% Lowfat Cottage Cheese,1.00,dairy eggs
61,Anti Nausea Liquid,1.00,personal care
29,Adavanced Eye Relief Dry Eye Drops Rejuvenation,1.00,personal care
90,Balsamic Vinegar Glaze,1.00,pantry
62,Anti-Perspirant Deodorant, Clear Gel, Cool Wave,1.00,personal care
30,Adhesive Bandages, Finding Dory, Assorted Sizes,1.00,personal care
31,Adult MultiVites Gummy Vitamins,1.00,personal care
26,Acid Reducer Omeprazole Tablets,1.00,personal care
27,Active Greens Food Bar,1.00,snacks
28,Active Health Teen, Tablets,1.00,personal care
22,70% Dark Chocolate Candy Bar with Raspberries,1.00,snacks
97,Bars, Slim, Raspberry Truffle, Vegan, Bars, Gluten Free, Box,1.00,personal care
54,Aloe Vera Satin Soap,1.00,personal care
23,8 oz Dofino Havarti Light,1.00,dairy eggs
98,Beef & Cheese Mini Tacos,1.00,frozen
55,American Cheese Slices 12 Count,1.00,dairy eggs
56,American Jazmine Rice,1.00,dry goods pasta
24,85% Lean, 15% Fat Ground Turkey (013021),1.00,meat seafood
99,Beef Smoked Sausage,1.00,meat seafood
25,8" Mesh Strainer,1.00,household
51,Almonds  Dark Chocolate Squares,1.00,snacks
100,Beef Steak with Cranberry & Sriracha,1.00,snacks
44,All-Bran Original Cereals,1.00,breakfast
52,Almonds & Sea Salt in Dark Chocolate,1.00,snacks
45,All-One Baby Unscented Pure-Castile Bar Soap,1.00,babies
53,Aloe Chunk Juice with Vitamin C,1.00,beverages
46,Allergy Relief Tablets,1.00,personal care
19,30 Gallon Quick Tie Outdoor Trash Bags,1.00,household
20,3rd Foods Chicken Noodle Dinner,1.00,babies
21,5 Cheese Garlic Bread Loaf,1.00,frozen
49,Almond Cream and Hibiscus Body Wash,1.00,personal care
72,Arouses & Intensifies Personal Lubricant,1.00,other
50,Almond Ice Cream Bars,1.00,frozen
73,Arrabbiata Sauce,1.00,dry goods pasta
41,All Purpose Cleaner Concentrate Grapefruit Seed & Orange Peel,1.00,household
94,Banana Peach & Raspberry,1.00,babies
42,All Purpose Cleaner, Antibacterial,1.00,household
95,Banana Smoothie Mix,1.00,beverages
43,All Purpose Natural Sea Salt,1.00,pantry
96,Bananas Foster Ice Cream,1.00,frozen
47,Allium Cepa 30 C,1.00,personal care
74,Artichoke Hearts Quartered,1.00,canned goods
48,Almond Butter Smooth,1.00,pantry
75,Asiago All Natural Cheese Aged Over 5 Years,1.00,dairy eggs
38,All Natural Gardenia Hand And Body Lotion,1.00,personal care
69,Appley Ever After Organic Juice Drink,1.00,beverages
39,All Natural Gluten Free All Purpose Baking Mix,1.00,pantry
7,100% Orange Strawberry Banana Juice,1.00,beverages
40,All Natural Roasted Garlic Hummus,1.00,deli
70,April Fresh Fabric Softener Dryer Sheets,1.00,household
8,100% Pure Eucalyptus,1.00,other
71,Aqua with Vitamin E Refreshing Soap,1.00,personal care
4,100% All Natural Crunchy Peanut Butter,1.00,pantry
9,100% Pure Tangerine Oil,1.00,household
82,Baby Gouda Cheese,1.00,missing
5,100% Juice Apple Juice,1.00,beverages
83,Baby Romaine,1.00,frozen
6,100% Juice, Apple Peach Mango,1.00,beverages
84,Baby Swiss Cheese Pre-Sliced Deli,1.00,dairy eggs
10,100% White Grape Juice Concentrate,1.00,frozen
11,1000 Roses Heavenly Night Cream for Sensitive Skin,1.00,personal care
12,12 Ounce Plastic Bowls,1.00,household
85,Bacon, Beer & Cheddar Bratwurst,1.00,meat seafood
86,Bag of Gala Apples,1.00,produce
87,Baked & Popped Variety Snack Packs,1.00,snacks
1,0 Calorie Fuji Apple Pear Water Beverage ‘ ,1.00,beverages
79,Avocado Oil, Popcorn,1.00,snacks
2,1 Apple + 1 Pear Fruit Bar,1.00,snacks
80,B Right Complex Capsules,1.00,personal care
76,Assorted Halloween Cupcakes,1.00,bakery
3,100 Calorie Bartlett in Extra Light Syrup Pear Halves,1.00,canned goods
77,Ataulfo Mangos,1.00,produce
81,Baby Eczema Relief Body Creme,1.00,other
78,Au Jus Base,1.00,canned goods
166,Chicken Flavored Bone 4 Inch Dog Chew,1.00,pets
167,Chicken Sausage Apple,1.00,meat seafood
168,Chicken with Peanut Sauce,1.00,frozen
163,Chia Cherry Lime Juice Smoothie,1.00,beverages
164,Chicken & Mushroom Rice & Vermicelli Mix,1.00,dry goods pasta
165,Chicken Curry Salad,1.00,deli
172,Chipotle Sweet Potato Soup,1.00,canned goods
182,Chorizo Seitan,1.00,deli
173,ChlorOxygen Alcohol Free Chlorophyll Concentrate Softgels,1.00,personal care
183,Chunk Light in Water 50% Less Sodium Tuna,1.00,canned goods
184,Chunky 7-Herb Tomato Pasta Sauce,1.00,dry goods pasta
132,Bunched Cilantro,1.00,produce
133,Burgers Spicy Black Bean Veggie Burgers,1.00,frozen
134,Burgers, Gourmet,1.00,frozen
169,Children‘s Tooth Gel,1.00,personal care
174,Chocolate Chip Cookie Dough Sundae Tasty American Favorites,1.00,frozen
185,Citrus Orchard Super Odor Neutralizer,1.00,household
170,Chili Mac & Cheese,1.00,missing
175,Chocolate Fudge Pudding,1.00,dairy eggs
171,Chipotle Peppers in Adobo Sauce,1.00,international
186,Citrus Spalsh & Berry Fusion Body Wash,1.00,personal care
135,Butter Lovers Microwave Popcorn,1.00,snacks
187,Clary Sage & Citrus Cleaning Wipes,1.00,household
136,Butterfinger Minis,1.00,snacks
137,Cabernet Sauvignon, H3 Collection, Horse Heaven Hills,1.00,alcohol
179,Chocolate Truffle Ice Cream,1.00,frozen
129,Brownie Chocolate Chip Mini Cake,1.00,snacks
116,Blueberry Banana Almondmilk,1.00,beverages
130,Bucatini,1.00,dry goods pasta
144,California Chenin Blanc,1.00,alcohol
180,Chocolate Whole Grain Graham Snacks Bunny Grahams,1.00,snacks
117,Blueberry Granola,1.00,breakfast
131,Buffalo Style Chicken Wrap,1.00,missing
145,Campo De Montalban,1.00,dairy eggs
181,Chopped Blends With Beef, Carrots, Peas & Barley Dog Food,1.00,pets
118,Blueberry Pancakes & Sausage On A Stick,1.00,frozen
146,Canine Carry Out Beef Chicken Bone,1.00,pets
126,Brooklyn Blackout Cake Ice Cream,1.00,frozen
176,Chocolate Hazelnut Snack Pack,1.00,dairy eggs
113,Black Mole Sauce,1.00,international
177,Chocolate Ice Cream,1.00,frozen
114,Blood Builder,1.00,personal care
149,Caramel Almondmilk Creamer,1.00,missing
178,Chocolate Peanut Butter Energy Bar,1.00,snacks
115,Blue Edition Blueberry Flavored Energy Drink,1.00,beverages
150,Caramel Apple Dream Herbal Tea,1.00,beverages
127,Brown ‘N Serve Original Fully Cooked Sausage Patties,1.00,frozen
128,Brownberry 100% 12 Grain Bread,1.00,bakery
147,Cantina Thin & Crispy Tortilla Chips,1.00,snacks
148,Caramel & Cheddar Popcorn Mix,1.00,snacks
122,Bourbon Whiskey,1.00,alcohol
123,Bread Co New York Rye,1.00,bakery
191,Classic Vegetables Crinkle Cut Carrots,1.00,frozen
141,Cake Mate Decors Blue,1.00,pantry
107,Best Cannellini White Kidney Beans,1.00,canned goods
142,Calabrese uncured italian Salami  with pepper and paprika,1.00,deli
108,Big Easy Heat & Serve Rice Red Beans & Rice,1.00,dry goods pasta
143,Calcium, 600 mg, Liquid Softgels,1.00,personal care
124,Bread Crumbs, Plain,1.00,pantry
192,Clean Breeze庐 Brise Pure庐 Liquid Laundry Detergent,1.00,household
109,Bing Dark Red Sweet Cherries,1.00,produce
125,Broiler Pans,1.00,household
193,Cleaner,1.00,household
138,Cacao Mint Protein Bomb Energy Ball,1.00,snacks
139,Cacao Nibs,1.00,personal care
110,Biotin B Complex Thickening Shampoo,1.00,personal care
140,Cafe Steamers Spaghetti & Meatballs,1.00,frozen
119,Bold & Spicy Bloody Mary Mix,1.00,other
188,Classic Chocolate Mix Assortment,1.00,snacks
111,Bites Ft Chicken Rollers,1.00,frozen
120,Bone Organic Chicken with Ginger Broth,1.00,canned goods
189,Classic Original Hommus,1.00,deli
112,Black Cherry Dairy-Free Yogurt Alternative,1.00,dairy eggs
121,Bonito del Norte in Olive Oil,1.00,canned goods
190,Classic Pate Chicken & Tuna Dinner Cat Food,1.00,pets
104,Berry Almond Milk Juice Smoothie,1.00,beverages
105,Berry Blossoms Cereal,1.00,breakfast
106,Best Blend Pure 100% Natural Vegetable & Canola Oils,1.00,pantry
197,Cobb Salad With Chicken & Bacon,1.00,deli
198,Coco Roos Cereal,1.00,breakfast
101,Beef Top Round Steak,1.00,meat seafood
199,Cocoa Butter Formula with Vit. E Massage Lotion for Stretch Marks,1.00,personal care
102,Belgian Style White Beer,1.00,alcohol
200,Cocoa Krispies Cereal,1.00,breakfast
103,Berries GoMega Superfood Bar,1.00,snacks
157,Cheesy Italian Shells Hamburger Helper,1.00,dry goods pasta
194,Cleansing Cream,1.00,personal care
195,Clementine Dish Soap,1.00,household
196,Club Soda Lower Sodium,1.00,beverages
158,Chef‘s Favorites with Alfredo Sauce Penne & Vegetables,1.00,frozen
154,Cashmere Woods Air Freshener,1.00,household
159,Cherry Coke,1.00,beverages
155,Center Cut Bacon,1.00,meat seafood
156,Cheese Pizza Toaster Pops,1.00,frozen
151,Caramel Whipped Latte,1.00,missing
152,Casareccia,1.00,dry goods pasta
153,Cashew Halves & Pieces,1.00,snacks
160,Cherry Diet Soda,1.00,beverages
161,Cherry Noir Vodka,1.00,alcohol
162,Cherubs Snacking Tomatoes,1.00,missing
266,Early To Bed Shower Gel,1.00,personal care
267,Easy Find Lids Containers 14 Cups,1.00,household
268,Eater‘s Digest Organic Peppermint Tea Bags,1.00,beverages
263,Dry Eye Relief,1.00,personal care
264,Dry Roasted Honey Roasted Peanuts,1.00,snacks
265,Dye-Free Pain Reliever/Fever Reducer Berry Flavor Infants Drops,1.00,personal care
272,Elbows Enriched Macaroni Product,1.00,dry goods pasta
273,Energy Drink Ultra Citron,1.00,beverages
257,Donuts, Classic, Pumpkin,1.00,bakery
269,Egg And Bacon Burritos,1.00,frozen
258,Double Chocolate Chunk Protein Bar,1.00,personal care
291,Face, Hand & Baby Wipes Fragrance Free,1.00,babies
270,Egg, Bacon & Cheese Breakfast Taquitos,1.00,frozen
259,Double Zipper Freezer Bags,1.00,household
254,Dipps Dark Chocolatey Granola Bars,1.00,breakfast
292,Facial Mud,1.00,personal care
274,Enriched Long Grain White Rice,1.00,dry goods pasta
271,Eggplant Cutlets,1.00,frozen
255,Dish Detergent Original,1.00,household
293,Fair Trade Organic French Roast Coffee,1.00,beverages
275,Especial,1.00,alcohol
256,Dishwasher Detergent, Lemon Scent with Clorox,1.00,household
232,Crispy Seasoned Potato Puffs with Roasted Garlic & Cracked Pepper,1.00,frozen
233,Crossovers Cocnt Curry Cashew,1.00,dairy eggs
260,Dried Mangoes,1.00,snacks
234,Cruisers Pampers Cruisers Diapers,1.00,babies
288,Eye Drops for Contact Lenses,1.00,personal care
261,Dried Minced Garlic,1.00,missing
251,Diced Peeled Tomatoes In Tomato Juice,1.00,canned goods
289,Eye Makeup Remover, Chamomile & Green Tea,1.00,personal care
262,Drinkable Yogurt Starwberry,1.00,dairy eggs
252,Diet Cranberry with Lime Juice,1.00,beverages
290,Ezekial 4:9 Organic Sprouted Blueberry Waffles,1.00,frozen
253,Digestive Relief Chewable Tablets,1.00,personal care
235,Crystal Pacifier,1.00,babies
236,Cr猫me De Menthe Baking Chips,1.00,pantry
237,Curry, Condensed, Mild, Korma Masala,1.00,international
297,Farms Thin Sliced Smoked Ham,1.00,deli
298,Fat Free Mozzarella,1.00,dairy eggs
244,Dark Chocolate Chips,1.00,snacks
229,Cream of Mushroom Soup,1.00,canned goods
245,Deep Dish Pizza,1.00,frozen
282,Extra Fiber Bread,1.00,bakery
230,Creamy Vodka  Pasta Sauce,1.00,dry goods pasta
246,Deluxe Sauce Made with 2% Milk Cheese Macaroni & Cheese Dinner,1.00,dry goods pasta
283,Extra Strength Acetaminophen, Aspirin (NSAID) and Caffeine Caplets Pain Reliever/Pain Reliever Aid,1.00,personal care
299,Febreze Fresh Clean Garbage Bags,1.00,household
231,Creamy Wildflower Honey,1.00,pantry
284,Extra Strong Dark Chocolate,1.00,snacks
300,Febreze Lavender Vanilla & Comfort Scent Sweeper Dry Pad Refills,1.00,household
241,Dairy Free Cultured Almond Milk Blueberry Yogurt,1.00,dairy eggs
242,Dairy Free Unsweetened Almond Milk Beverage,1.00,missing
243,Dairy Free Vanilla Coconut Milk,1.00,dairy eggs
226,Crayola Squeeze-A-Color Anticavity Flouride Toothpaste Tropical Twist,1.00,personal care
238,Cut Asparagus Spears,1.00,canned goods
227,Cream Style Corn Golden Sweet,1.00,canned goods
228,Cream of Buckwheat Cereal,1.00,breakfast
285,Extra Virgin Olive Oil Rich Taste,1.00,pantry
249,Detox, Bentonite, Great Plains,1.00,other
250,Deviled Ham Spread,1.00,canned goods
276,Espresso Bellavitano,1.00,dairy eggs
277,Espresso Forte Deep Roast Ground Coffee,1.00,beverages
286,Extra Virgin Olive Oil Spray,1.00,pantry
239,DHA Omega-3 Vanilla Lowfat Milk,1.00,dairy eggs
278,Essence Tangerine,1.00,beverages
287,Extra-Strength Heartburn Relief,1.00,personal care
240,Dairy Free Coconut Milk Blueberry Yogurt Alternative,1.00,dairy eggs
247,Designer Paper Plates 8.75 In,1.00,household
248,Dessert Shop Chocolate Brownie Cookies,1.00,snacks
294,Fakin‘ Bacon Organic Smoky Tempeh Strips,1.00,deli
213,Collagen Elastin Body Lotion,1.00,personal care
214,Comfort Bakes - Scalloped Potatoes in a Creamy Cheese Sauce with Ham,1.00,frozen
215,Compact Emeryl File,1.00,other
207,Coconut Rum,1.00,alcohol
208,Coconut Water with Orange Mango,1.00,beverages
204,Coconut Milk Light,1.00,international
295,Falafel Balls,1.00,deli
209,Coffee Cold Brew Fs W Mcts,1.00,beverages
205,Coconut Milk Non Dairy Frozen Dessert Chocolate Peanut Butter Swirl,1.00,frozen
296,Fancy Feast Seafood Feast Variety Classic Wet Cat Food,1.00,pets
206,Coconut Milk Vanilla Frozen Dessert,1.00,frozen
222,Coolmint庐 Antiseptic Mouthwash,1.00,personal care
219,Cookies ‘n‘ Creme,1.00,snacks
223,Cough Vicks NyQuil Cough Nighttime Relief Cherry Flavor Liquid 8 fl oz  Respiratory Care,1.00,personal care
220,Cool Mint Chocolate Energy Bar,1.00,snacks
221,Cool Mint Floss,1.00,personal care
210,Colby Jack Cheese Chunks,1.00,pantry
201,Coconut Cashew Crunch Bites,1.00,snacks
211,Cold Snap,1.00,personal care
202,Coconut Lemon Bars,1.00,bakery
212,Coldbrew Coffee Pops,1.00,frozen
224,Cranberry Raincoast Oat Crisps,1.00,snacks
203,Coconut Milk Creamer Barista Style Original,1.00,dairy eggs
225,Cranberry Urinary Tract Health,1.00,personal care
216,Compleats Homestyle Chicken Alfredo,1.00,dry goods pasta
217,Complete Acid Reducer & Antacid Tablets,1.00,personal care
279,Everpure Sulfate-Free Color Care System Rosemary Mint Volume Conditioner,1.00,personal care
218,Complete Adult Dog Food,1.00,pets
280,Every Woman‘s One Daily Multi-Vitamin Dietary Supplement,1.00,personal care
281,Everyday Tissues,1.00,household
366,Goat Brie Cheese,1.00,dairy eggs
367,Goat Cheese Pyramid,1.00,dairy eggs
368,Gold Digital Pregnancy Test,1.00,other
363,Gluten Free Whole Grain Hamburger Buns 4 Count,1.00,bakery
364,Gluten-Free Graham Style Crackers Chocolate Grahams,1.00,snacks
365,Gluten-Free Seeded Cinnamon-Raisin Bread,1.00,bakery
391,Ham & Cheddar,1.00,deli
392,Happy Hips Lamb Strips,1.00,pets
393,Harvest Best in 100% Fruit Juice Mandarin Oranges,1.00,canned goods
372,Granola, Original Honey,1.00,breakfast
316,Free & Clear Dishwasher Rinse Aid,1.00,household
373,Grapefruit Bag,1.00,produce
317,Fresh Blueberries,1.00,produce
382,Grooves Hot & Spicy Cheddar Crispy Cracker Chips,1.00,snacks
318,Fresh Cut Sliced Beets,1.00,canned goods
383,Ground Allspice,1.00,pantry
357,Gluten Free Pie Crusts,1.00,frozen
384,Ground Lamb,1.00,meat seafood
358,Gluten Free Pretzel Twists,1.00,snacks
388,Habanero Salsa,1.00,deli
374,Grapefruit Sparkling Juice Beverage,1.00,beverages
359,Gluten Free Quinoa Linguine,1.00,dry goods pasta
389,Half Lemonade & Half Iced Tea Drink Mix,1.00,beverages
313,Fragrance Free Natural Confidence Deodorant Crystal,1.00,personal care
375,Grass Fed Ground Beef,1.00,meat seafood
390,Halloween Mix Bag,1.00,snacks
314,Fragrance Free Original For Dry & Sensitive Skin Lotion,1.00,personal care
315,Fragrance Free Spray Mist Body Deodorant,1.00,personal care
385,Guerrero 10 Ct 15 Oz Fresquirica,1.00,bakery
386,Gum, Peppermint,1.00,personal care
369,Gourmet Cupcakes Filled With Sweet Vanilla Creme,1.00,bakery
387,Gummy Vites Complete Multivitamin Gummies Dietary Supplement,1.00,personal care
360,Gluten Free Southwest Hash Browns,1.00,frozen
370,Gourmet Gobbler Turkey Complete Brine and Rub Kit,1.00,pantry
361,Gluten Free Sprouted Seed Bread,1.00,bakery
371,Graduates Pasta Pick-ups - Cheese & Spinach Ravioli,1.00,babies
362,Gluten Free Sub Sandwich Roll,1.00,bakery
379,Grill Mates Steak Rub,1.00,pantry
397,Healing + Vitamin E Conditioner,1.00,personal care
322,Friskies Party Mix Cat Treat Puffs Barnyard Bonanza,1.00,pets
380,Grilled Artichoke Hearts,1.00,produce
354,Gluten Free Lemon Goodness Cookies,1.00,snacks
398,Healthy Clean Soft Tootbrush,1.00,personal care
323,Frontier Whole Wheat Oat & Honey Flapjack and Waffle Mix,1.00,breakfast
381,Grilled Liver & Chicken Feast in Gravy Cat Food,1.00,pets
355,Gluten Free Pancake Mix,1.00,breakfast
356,Gluten Free Peach Apricot Bars,1.00,snacks
399,Healthy Request Chicken with Mini Round Noodles Soup,1.00,canned goods
376,Greek Corner Strawberry Lowfat Yogurt,1.00,dairy eggs
324,Frozen Dark Sweet Pitted Cherries,1.00,frozen
400,Heart Healthy Minestrone Soup,1.00,canned goods
377,Greek Non-Fat Yogurt Strawberry,1.00,dairy eggs
351,Gluten Free Chicken Tikka Masala,1.00,frozen
325,Frozen Mexican Style Pulled Pork Bowl,1.00,missing
378,Greek Yogurt Style Nonfat Yogurt,1.00,dairy eggs
352,Gluten Free Classic Sourdough,1.00,bakery
353,Gluten Free Fudge Brownie Mix,1.00,pantry
394,Hawkridge Body Wash,1.00,personal care
395,Hazelnut Dairy Free Almond Milk Creamer,1.00,missing
319,Fresh Organic Blueberries,1.00,produce
320,Fresh Salsa,1.00,deli
396,Hazelnut Light Roast K-Cup Packs Coffee,1.00,beverages
321,Fresh Salsa Hot,1.00,deli
307,Flax Seed Oat Bread,1.00,bakery
308,Flintstones Iron Chewable Multivitamin Tablets for Children,1.00,personal care
309,Flour,1.00,pantry
310,Flour Tortillas,1.00,bakery
304,Fish Stick Meal,1.00,frozen
344,Ginger Paste,1.00,pantry
311,Foamy Sensitive Skin Shaving Cream,1.00,personal care
305,Flame Grilled Beef Patty,1.00,frozen
345,Ginger Yuzu Scented Dish Soap,1.00,household
312,Food-Based Calcium with Magnesium & Vitamin D3 Tablets,1.00,personal care
306,Flax & Chia Oatmeal,1.00,breakfast
346,Glass Bottle With Dropper,1.00,household
301,Feminine Relief Anti-Itch Creme,1.00,personal care
338,Garlic Mint Cheese,1.00,international
302,Fiesta Grilled Chicken,1.00,frozen
339,Gasalia Gas Quick-Dissolving Tablets - 60 CT,1.00,personal care
303,Finely Ground Natural Almond Meal,1.00,pantry
340,Genuine Chocolate Non Dairy Protein Shake,1.00,personal care
349,Gluten Free Brownie Mix,1.00,pantry
341,German‘s Sweet Chocolate Baking Bar,1.00,pantry
350,Gluten Free Caramel Sauce Dessert Topping,1.00,snacks
332,Fusilli No. 34 Tricolor Pasta,1.00,dry goods pasta
333,Fusion ProGlide Sensitive 2 in 1 Shave Gel Alpine Clean,1.00,personal care
347,Glazed Chocolate Pie,1.00,bakery
334,GSM, Central Coast, Vintage: 2011,1.00,alcohol
348,Gluten Free Blueberry Breakfast Bars,1.00,breakfast
329,Fruit Refreshers Mandarin Oranges in Slightly Sweetened Coconut Water Fruit Cups,1.00,beverages
342,Ghost Shape Sugar Cookies Ready to Bake,1.00,pantry
343,Gin Gins Ginger Chewy Candy,1.00,snacks
335,Gala Apple,1.00,produce
330,Full Sheet Big Rolls 12 Ct,1.00,household
336,Gallon Size Black Iced Tea Bags,1.00,beverages
326,Fructis Pure Clean Shampoo Normal Hair,1.00,personal care
331,Fun Shaped Chicken Breast Nuggets,1.00,frozen
337,Garlic Chicken White Pizza Frozen Sandwiches,1.00,frozen
327,Fruit & Nut Trail Mix Chewy Granola Bars,1.00,snacks
328,Fruit Gushers Mouth Mixers Punch Berry Fruit Flavored Snacks,1.00,snacks
466,Light Butter with Canola Oil,1.00,dairy eggs
467,Light Vegan Nayonaise,1.00,pantry
468,Light Vegetable & Noodle Soup,1.00,canned goods
457,Leave In Conditioner And Repair Cream,1.00,personal care
458,Legendary Smokey Mesquite Bar-B-Q Sauce,1.00,pantry
459,Lemon Flavor Iced Tea,1.00,beverages
482,Macaroni & Cheese Meal,1.00,frozen
483,Macro Greens Drink Mix,1.00,personal care
484,Madagascar Pink Rice,1.00,bulk
491,Marble Rye Bread,1.00,bakery
463,Lemon Poppyseed Scone Mix,1.00,pantry
454,Lavender & Chamomile baby Powder,1.00,babies
464,Lemonade With Tea,1.00,beverages
460,Lemon Grass,1.00,produce
465,Light & Fit Peach Non-Fat Yogurt,1.00,dairy eggs
461,Lemon Instant Pudding and Pie Filling,1.00,pantry
455,Lavender Deodorant Stick,1.00,personal care
462,Lemon Orange Sparking Mineral Water,1.00,beverages
485,Made Good Chocolate Chip Granola Bars,1.00,snacks
456,Lavender Moisturizing Cream Shave,1.00,personal care
492,Marble Sandwich Cookies,1.00,snacks
493,Massage Oil Stretch Mark Box,1.00,personal care
472,Little Bites Chocolate Chip Muffins,1.00,snacks
451,Lapsang Souchong Black Tea,1.00,beverages
473,Little Yums Spinach, Apple, and Kale Teething Wafers,1.00,babies
488,Mango Apricot Fruit Snack,1.00,snacks
486,Major Grey‘s Chutney,1.00,pantry
489,Mango Strawberry Granola Bar,1.00,snacks
452,Large Greenhouse Tomato,1.00,produce
487,Manchurian Dumplings with Basmati Rice,1.00,frozen
474,Living Drip-Catch Cuff Gloves,1.00,household
490,Maple Almond Protein Bar,1.00,snacks
453,Large Organic Omega3 Brown Eggs,1.00,dairy eggs
416,Home Style Meals Beef Steak & Noodles,1.00,frozen
475,Loaded Baked Potato,1.00,dry goods pasta
417,Homemade Pizza Sauce,1.00,dry goods pasta
418,Honest Diapers Eco-Friendly & Premium Diapers Size N up to 10 lb,1.00,babies
469,Lightly Smoked Sardines In Lemon Flavored Extra Virgin Olive Oil,1.00,canned goods
470,Lightly Smoked Sardines in Olive Oil,1.00,canned goods
413,Holiday Funfetti Vanilla Frosting,1.00,pantry
479,Low Sodium Refried Black Beans,1.00,canned goods
471,Lite Half Salt White Popcorn,1.00,snacks
414,Home Menu Meals for 2 Sweet & Sour Chicken,1.00,frozen
480,Lowfat 1% Milkfat Lactose Free Milk,1.00,dairy eggs
497,Meatloaf,1.00,frozen
415,Home Style Chicken Noodle Soup,1.00,canned goods
481,Lowfat Vanilla Milk,1.00,dairy eggs
498,Meaty Ground Dinner W/Chopped Beef (PS #1211062) Wet Dog Food,1.00,pets
407,Herbal Armor Insect Repellent Spray,1.00,personal care
408,Herbs Lime Leaves,1.00,produce
409,Hershey Chocolate Twists,1.00,snacks
476,Loose Traditional Mate,1.00,beverages
499,Medicated Arm, Neck & Leg Patch,1.00,personal care
477,Lotus Blossom & Lavender  Dishwashing Liquid,1.00,household
500,Medicated Cooling Pads with Witch Hazel,1.00,personal care
478,Love Crunch Aloha Blend Granola,1.00,breakfast
422,Hopocalypse,1.00,alcohol
494,Maxi Long Super Pads,1.00,personal care
423,Horseradish Root,1.00,produce
495,Maya Kaimal Goan Coconut,1.00,international
410,Hershey‘s Chocolate Caramel Gourmet Coffee Creamer,1.00,dairy eggs
496,Meal Replacement Shake, Cocoa Fudge,1.00,personal care
411,Hibiscus Berryade,1.00,beverages
412,High Performance Energy Drink,1.00,beverages
424,Hot Dark Chocolate Topping,1.00,snacks
425,Humectress Conditioner,1.00,personal care
419,Honey BBQ Popcorn,1.00,snacks
420,Honey BBQ Potato Chips,1.00,snacks
421,Honey Roasted Peanuts,1.00,snacks
404,Heirloom Brown Eggs, Cage Free,1.00,dairy eggs
405,Hemp Lavender Pure Castile Soap,1.00,personal care
401,Hearts Of Palm,1.00,canned goods
406,Herb Roasted Chicken Dinner,1.00,frozen
402,Hearts Of Romaine,1.00,produce
403,Heel Balm,1.00,other
432,In a creamy sauce, topped with aged parmesan cheese Mushroom & Spring Pea Risotto,1.00,frozen
433,Indulgent Cherry & Dark Chocolate Whole Milk Greek Yogurt,1.00,dairy eggs
434,Infant Formula Powder Single-Serve,1.00,babies
435,Instant Glue,1.00,household
436,Italian Blend Fancy Shredded Cheese,1.00,dairy eggs
437,Italian Lentil Soup w/ Fresh Tomato,1.00,canned goods
429,Ice Cream Cake Celebration,1.00,frozen
430,Ice Cream Cups,1.00,snacks
431,Imported Beer from Mexico,1.00,alcohol
426,Hummus Made Easy Classic,1.00,dry goods pasta
427,Hummus Original,1.00,deli
428,Ibuprofen Drops for ages 6-23 Months, White Grape Flavor,1.00,other
438,Italian Style Favorites Chicken Parmesan (White Meat Chicken and Tomatoes with Mozzarella Cheese Over a Marinara Sauce) Pizza,1.00,frozen
439,Italian Style Meatballs,1.00,frozen
440,Jalapeno Nacho Slices, Mild,1.00,international
441,JavaJig Reusable Coffee Filter System,1.00,beverages
442,Junmai Sake,1.00,alcohol
443,Jurassic World Fruit Flavored Snacks,1.00,snacks
444,Just Apple, Kiwi & Spinach Stage 2,1.00,babies
445,Kalamata Olive Crackers,1.00,snacks
446,Kellogg‘s Corn Flakes Cereal,1.00,breakfast
447,Kids Very Emollient Sunscreen SPF 45,1.00,babies
448,Kimchi Thai,1.00,pantry
449,L Glutamine (Free Form) 500 mg,1.00,personal care
450,L‘Orange Sparkling Natural Mineral Water,1.00,beverages
566,Olive & Aloe Soap,1.00,personal care
567,Olive Bread,1.00,bakery
568,Olive Oil Crackers,1.00,snacks
563,Off the Block Shredded Mozzarella Cheese,1.00,dairy eggs
564,Oktoberfest Limited Edition Pretzels,1.00,snacks
565,Old-Fashioned Sweet Bread & Butter Chips,1.00,pantry
572,On the Go Peach Mango Green Tea Drink Mix,1.00,beverages
573,On-the-Go Healing Ointment,1.00,personal care
569,Olive Oil Nourishing Sheen Spray,1.00,personal care
570,Olives, Pitted Kalamata,1.00,pantry
571,Omega-3 Great Lemon Taste!,1.00,personal care
532,Mountain Rain Liquid Laundry Detergent,1.00,household
533,Mozzarella Finely Shredded Shredded Cheese,1.00,dairy eggs
574,Orange,1.00,beverages
534,Mundet,1.00,beverages
575,Orange Pineapple/100% Apple/Grape  Juice Drink Variety,1.00,beverages
535,Mushroom Lo Mein Noodles,1.00,international
582,Organic Bosc Pear,1.00,produce
536,Naanwich Flatbread Sandwich Chicken Tikka Masala,1.00,deli
537,Natural Calm Magnesium Supplement Raspberry Lemon Flavor Powder,1.00,personal care
579,Organic Apple Flax Oatmeal,1.00,breakfast
516,Mini Crunch Donuts,1.00,snacks
580,Organic Blueberry Coconut Energy+ Bar,1.00,snacks
544,Naturally Hickory Smoked Thick Cut Bacon,1.00,meat seafood
581,Organic Blueberry Hibiscus Herbal Tea Bags,1.00,beverages
517,Mini Cucumbers,1.00,produce
545,Naturally Smoked Bacon,1.00,meat seafood
518,Mini Dog Treats,1.00,pets
529,Montmorency Pasteurized Cherry Juice,1.00,beverages
546,Naturals Dry Scalp Shampoo,1.00,personal care
530,Morning Sun Fabric Softener,1.00,household
531,Moroccan Infusion Color Care Shampoo,1.00,personal care
576,Orange Sports Drink,1.00,beverages
583,Organic California Brown Basmati Rice,1.00,dry goods pasta
577,Organic 100% Pure Dark Amber Maple Syrup,1.00,pantry
578,Organic All Vegetable Shortening,1.00,pantry
584,Organic Cashew Carrot Ginger Soup,1.00,canned goods
526,Moisturizing Facial Wash,1.00,personal care
527,Mold and Mildew Blaster Bleach & Shine,1.00,household
528,Monterey Jack Jalapeno Stuffed Pretzels,1.00,frozen
585,Organic Catnip,1.00,pets
549,No Salt Wild Albacore Tuna,1.00,canned goods
586,Organic Chicken Broth,1.00,canned goods
557,Nutri-Grain Crunch Chocolatey Chip Breakfast Bars,1.00,snacks
550,No Sugar Added Sensible Sweets Hot Cocoa Mix,1.00,beverages
587,Organic Chicken Tenders,1.00,meat seafood
558,Oat Medley Cereal,1.00,breakfast
559,Oatmeal,1.00,bakery
547,Nature Vitamin C,1.00,personal care
548,New York Style Chocolate Iced Eclairs,1.00,frozen
560,Oatmeal & Raisin Cookies,1.00,snacks
507,Men Extra Strength Lotion,1.00,personal care
541,Natural Pure Sparkling Water,1.00,beverages
561,Oats and Honey Protein Crunchy Granola,1.00,breakfast
522,Mixed Berry English Tea Scones,1.00,bakery
508,Mesquite Uncured Salame,1.00,deli
542,Natural Skincare for Men Body Wash,1.00,personal care
523,Mixed Berry Sparkling Water,1.00,beverages
509,Mexican Chocolate Yogurt,1.00,missing
543,Natural Vanilla Marshmallows,1.00,pantry
519,Minions Extra Soft Toothbrush Ages 5+,1.00,personal care
513,Mild Chili Seasoning Mix,1.00,pantry
520,Minis Graham Cookies,1.00,snacks
514,Milk Chocolate Covered Peanuts,1.00,snacks
521,Mint Chip Cup,1.00,frozen
515,Minced Turkey Feast in Sauce Cat Food,1.00,pets
524,Mixed Sea Vegetables,1.00,international
538,Natural Creamy Peanut Butter,1.00,pantry
525,Moisturizing Conditioner,1.00,personal care
539,Natural Mini Pork Pepperoni,1.00,deli
540,Natural Puffed Wheat Cereal,1.00,breakfast
562,Oatsnack Cookies n‘ Dreams,1.00,snacks
510,Mexicana Salsa Ranchera,1.00,international
511,Meze Dip Three-Pepper Salsa Greek Yogurt,1.00,deli
512,Mild  Switzerland Le Gruyere Cheese,1.00,dairy eggs
554,Non-Alcohoic Beer,1.00,alcohol
551,Non Alcoholic Vanilla Brown Sugar Coffee Creamer,1.00,dairy eggs
504,Medium Fresh Roma Roasted Salsa,1.00,pantry
501,Mediterranean Quinoa & Brown Rice,1.00,dry goods pasta
555,Non-Medicated Saline & Aloe Nasal Spray,1.00,personal care
505,Medium Navel Orange,1.00,produce
552,Non Fat Dry Milk Powder,1.00,pantry
502,Medium Buffalo Wing Sauce,1.00,pantry
506,Melanie Medleys Vegetable Cream Cheese,1.00,dairy eggs
556,Number 5 Cold Pressed Juice,1.00,beverages
553,Non-Aerosol Original Spray Starch Plus, Fresh Linen Scent,1.00,household
503,Medium Fire Roasted Tatemada Salsa,1.00,pantry
591,Organic Cinnamon Flax Sprouted Oat Granola,1.00,breakfast
592,Organic Cinnamon Sticks,1.00,pantry
593,Organic Coriander Seeds,1.00,pantry
588,Organic Chili Beans Chili Jalapeno,1.00,canned goods
589,Organic Chili Ginger Lime Cleaning Probiotic Tonic,1.00,beverages
590,Organic Chocolate Syrup,1.00,pantry
599,Organic Dark Chocolate Whey Protein,1.00,personal care
600,Organic Dark Sweet Cherries,1.00,frozen
597,Organic Crunchy Salted Peanut Butter,1.00,pantry
598,Organic Cut Spinach,1.00,frozen
594,Organic Cotton Tampons Super Plus Absorbancy,1.00,personal care
595,Organic Creamy Buckwheat Hot Cereal Gluten Free,1.00,breakfast
596,Organic Creamy Tomato Basil Soup,1.00,canned goods
672,Original Flavor Manuka Honey with Propolis Lozenges,1.00,personal care
691,Palmetto Cheese Original,1.00,dairy eggs
657,Organic Vanilla Soymilk,1.00,dairy eggs
673,Original Hot Sauce,1.00,pantry
692,Paper Towels 2x More Absorbent White,1.00,missing
666,Organix Chicken & Rice Dry Cat Food,1.00,pets
658,Organic Vanilla Whole Milk Yogurt,1.00,dairy eggs
693,Parchment Baking Paper,1.00,pantry
667,Original Blend Medium Roast Ground Coffee,1.00,beverages
659,Organic Vitality Snack Chia Squeeze Strawberry Banana,1.00,snacks
668,Original Cheese Sauce,1.00,dairy eggs
660,Organic White Peppercorns,1.00,pantry
674,Original Liquid Coffee Creamer,1.00,other
661,Organic Whole Grain Germinated Brown Rice,1.00,dry goods pasta
663,Organic Whole Greek Olive Mix,1.00,pantry
675,Original Popcorn,1.00,snacks
688,Oxygen Bleach Plus,1.00,household
662,Organic Whole Grain Mixed Grain Cereal Apple Sweet Potato,1.00,babies
664,Organico Bello Marinara Pasta Sauce,1.00,dry goods pasta
689,Pain Relief Ointment,1.00,personal care
665,Organics Hawaiian Coconut Milk Facial Wash,1.00,personal care
690,Paleo English Muffins,1.00,bakery
669,Original Chocolate Vanilla Swirls Pudding,1.00,dairy eggs
670,Original Choice Dry Cat Food,1.00,pets
671,Original Clean Anti-Perspirant Deodorant,1.00,personal care
654,Organic Tomato,1.00,produce
655,Organic Tomato Bisque,1.00,deli
656,Organic Unsweet Lemon Tea,1.00,beverages
697,Passion Fruit Flavored Fruit Juice Cocktail Blend,1.00,beverages
651,Organic Sweet Pea Sprouts,1.00,produce
698,Pasta & Enchilada Sauce, Organic, 7 Veggie,1.00,dry goods pasta
652,Organic Sweetened Dried Cranberries,1.00,snacks
653,Organic Tamari With Seaweed Rice Cake,1.00,snacks
616,Organic Heritage Flakes Cereal,1.00,breakfast
617,Organic Honey Bear Bottle,1.00,pantry
618,Organic Honey Green Tea Drink,1.00,beverages
613,Organic Herbal Coffee Alternative Dark French Roast,,1.00,beverages
614,Organic Herbalozenge Lemon Honey Soother with Zinc & Vitamin C - 18 CT,1.00,personal care
615,Organic Herbamare Herb Seasoning Salt,1.00,pantry
632,Organic Peace Pasta & Parmesan Macaroni & Cheese,1.00,dry goods pasta
633,Organic Peanut Powder Original,1.00,pantry
634,Organic Peppermint Herbal Tea,1.00,beverages
699,Pasta ‘n Sauce, Elmo, Organic, with Carrots & Broccoli, 123 Sesame Street,1.00,frozen
700,Pasta with Swedish Meatballs Tasty American Favorites,1.00,frozen
622,Organic Leeks,1.00,produce
694,Parmesan Ranch Dressing + Dip,1.00,pantry
635,Organic Pineapple,1.00,frozen
623,Organic Lemon Pie Sprouted Cookies,1.00,snacks
619,Organic Ice Cream Vanilla Bean,1.00,frozen
636,Organic Pineapple, Apple & Pea Freeze Dried Snacks,1.00,produce
695,Parmesan and Roasted Garlic Dressing,1.00,pantry
637,Organic Pork Chop Seasoning,1.00,pantry
620,Organic Instant Oatmeal Light Maple Brown Sugar,1.00,breakfast
696,Part-Skim Mozzarella Cheese,1.00,dairy eggs
621,Organic Italian Seasoning,1.00,pantry
624,Organic Low Sodium Super Veggie Juice,1.00,beverages
625,Organic Lowfat Chocolate Milk,1.00,dairy eggs
629,Organic Mustard Greens,1.00,produce
630,Organic Nondairy Lemon Cashew Yogurt,1.00,missing
631,Organic Original Rice Pilaf,1.00,dry goods pasta
626,Organic Mashups Mixed Berry,1.00,babies
627,Organic Mini Sandwich Crackers Peanut Butter,1.00,snacks
682,Original Veggie Breakfast Sausage Patties,1.00,frozen
628,Organic Multigrain with Flax English Muffins,1.00,bakery
683,Original Wasabi Sauce,1.00,international
644,Organic Sandwich Crackers Peanut Butter,1.00,snacks
684,Original Whiskey,1.00,alcohol
645,Organic Sensible Sipper Apple Juice,1.00,beverages
646,Organic Shredded Mozzarella,1.00,dairy eggs
685,Outdoor Bug Light 60 Watt Light Bulbs,1.00,household
607,Organic Gelatinized Maca Powder,1.00,beverages
686,Oven Baked Original Potato Crisps,1.00,missing
679,Original Steak & Chop Marinade,1.00,pantry
608,Organic Ginger Syrup,1.00,pantry
687,Oven Roasted Deli Thin-Sliced Turkey Breast,1.00,deli
680,Original Stone Ground Mustard,1.00,pantry
609,Organic Gluten Free Cranberry Crunch Bar,1.00,snacks
681,Original Thin Bacon Cheeseburger Pizza,1.00,frozen
649,Organic Stage 2 Pears Baby Food,1.00,babies
676,Original Potato Popped Chip Snack,1.00,snacks
650,Organic Summer Pear Caffeine Free Soda,1.00,beverages
677,Original Regular Pantiliners,1.00,personal care
610,Organic Green Superfood Chocolate Chip Coconut Bar,1.00,snacks
611,Organic Gummy Worms,1.00,snacks
678,Original Round Sweet Bread,1.00,bakery
612,Organic Hemp Rose Pure Castille Bar Soap,1.00,personal care
647,Organic Sliced Fremont Sour White,1.00,bakery
648,Organic Sriracha Seaweed,1.00,snacks
604,Organic Flax Seeds,1.00,pantry
605,Organic Fresh Blends Coconut Juice Blend,1.00,beverages
601,Organic Dijon Mustard,1.00,pantry
641,Organic Radish Sprouts,1.00,produce
606,Organic Gala Apple,1.00,produce
638,Organic Potato Quinoa & Spinach Soup,1.00,canned goods
602,Organic Dill,1.00,produce
642,Organic Roasted Seaweed Wasabi Snack,1.00,snacks
639,Organic Premium Tomato Paste,1.00,canned goods
603,Organic Fenugreek Non-GMO Vegetarian Capsules,1.00,personal care
643,Organic Romaine Heart,1.00,produce
640,Organic Quick Oven Toasted Oats,1.00,breakfast
766,Pure Honey,1.00,pantry
767,Quantum 9 V,1.00,household
768,Quantum Power Gel Dishwasher Detergent,1.00,household
763,Pure Aloe Cold Pressed With Lemon,1.00,beverages
764,Pure Demerara Cane Sugar,1.00,pantry
765,Pure Goat Milk Cheese Log,1.00,dairy eggs
732,Plain Organic Kale Krunch,1.00,missing
733,PlugIns Scented Oil Refill - Lavender & Peach Blossom,1.00,household
734,Plus Pain Relief Maximum Strength First aid Antibiotic Cream,1.00,personal care
791,Refreshing Facial Cleansing Towelettes Citrus/Cucumber,1.00,personal care
792,Refried Beans,1.00,canned goods
793,Regular Egg Nog,1.00,dairy eggs
757,Probiotic, Strong, Capsule,1.00,personal care
758,Protein And Fiber Chocolate Almond Coconut Bar,1.00,snacks
759,Protein Mac Mild Cheddar  Macaroni & Cheese,1.00,dry goods pasta
735,PlusShot Blueberry Acai Probiotic Juice Drink,1.00,beverages
788,Red Raspberry Preserves,1.00,pantry
736,Pore Minimizing Red Clay Mask For All Skin Types,1.00,personal care
737,Port & Porcini Mushroom Tortelloni,1.00,dry goods pasta
789,Red, White & Blue Pop‘ems,1.00,bakery
772,RX Stress Herbal Iced Tea,1.00,beverages
790,Reduced Fat Chocolate Sandwich Cookies,1.00,snacks
773,Rainier Cherries,1.00,produce
729,Pizza Bagels,1.00,international
760,Pull ‘n Play Cat Treat Play Pack,1.00,pets
730,Pizza, Margherita, Rice Crust,1.00,frozen
731,Plain Flavor Probiotic Acidophilus,1.00,personal care
716,Petite Creme Vive la Vanilla Organic Dairy Snack,1.00,dairy eggs
761,Pull鈥慤ps Learning Designs Boys Size 2T-3T Training Pants Disney Pixar,1.00,babies
717,Petite Peas with Pearl Onions,1.00,frozen
774,Raisin Snail Pastries,1.00,bakery
762,Pumpkin Spice Limited Edition Breakfast Biscuits,1.00,pantry
718,Philippine Grown Dried Mango,1.00,snacks
726,Pineapple Yogurt Bars,1.00,frozen
775,Ramen Cup Noodles Soup With Shrimp,1.00,international
797,Restaurant Style Medium Salsa,1.00,pantry
727,Pinot Grigio, DOC Trentino, 2009,1.00,alcohol
728,Pirouette Chocolate Hazelnut Creme Filled Wafers,1.00,snacks
798,Rice & Quinoa Drink Organic Original Unsweetened,1.00,dairy eggs
769,Quart Storage Bags,1.00,household
799,Rice Crunch-Ems Cereal,1.00,breakfast
713,Perfect Cube Trays For Classic Cocktails,1.00,household
770,Queso Blanco Medium Dip,1.00,pantry
800,Rice, Thai Fried,1.00,international
754,ProActive Health Sensitive Stomach with Chicken  Cat Food,1.00,pets
771,Quinoa, Toasted Sesame Ginger,1.00,dry goods pasta
714,Performance Protein Vanilla Powder,1.00,personal care
755,ProActive Health Smart Puppy Dog Food,1.00,pets
715,Pet-Ritz Regular Pie Crusts,1.00,frozen
756,Proactive Health Lively Senior Cat Food,1.00,pets
794,Regular Nail Polish Remover,1.00,other
744,Premium Iced Tea,1.00,beverages
795,Renewable BPA-Free Compostable Assorted Cutlery,1.00,household
745,Premium Jumbo Lump Crab Meat,1.00,meat seafood
796,Repair & Protect Toothpaste for Sensitive Teeth,1.00,personal care
746,Premium Lots of Pulp Orange Juice,1.00,beverages
751,Pro Health Complete Crest Pro-Health Advanced Mouthwash with Extra Deep Clean, Clean Mint flavor 500 ML Oral Rinse,1.00,personal care
752,Pro Health Stages Crest PH Stages - Doc McStuffins Kids Fruit Burst Toothpaste 4.2 oz  Dentifrice,1.00,personal care
753,Pro-Health All-In-One Soft Toothbrush Twin Pack,1.00,personal care
749,Pretzel Bread Grilled Chicken with Jalapeno Cheddar Sandwiches,1.00,frozen
750,Private Stock Cheese Classic Vermont Cheddar,1.00,dairy eggs
782,Ready Snax Veggie & Cheese With Ranch Dip,1.00,produce
783,Ready to Eat Tuna Salad Original Deli Style,1.00,canned goods
784,Red Balsamic Vinegar,1.00,pantry
722,Pimento Stuffed Manzanilla Olives,1.00,pantry
747,Premium Organic Cut Green Beans,1.00,frozen
723,Pine Nuts Natural Unsalted,1.00,snacks
748,Premium Roast K Cup,1.00,beverages
785,Red Bell Pepper,1.00,produce
786,Red Curry Paste,1.00,canned goods
779,Raw Reserve Green Superfood,1.00,personal care
787,Red Grapefruit in Extra Light Syrup,1.00,canned goods
780,Raw Wild Natural Honey,1.00,pantry
724,Pineapple Coconut Water 100% Juice,1.00,beverages
781,Ready Snax Apples  & Cheese with Caramel Dip,1.00,produce
725,Pineapple Juice,1.00,beverages
741,Praline Crunch Frozen Dessert,1.00,frozen
742,Prefilled Applicator Vaginal Antifungal Ointment,1.00,personal care
743,Premium Double Chocolate Hot Cocoa,1.00,beverages
738,Potato Chips Kettle Cooked Waffle Cut Barbeque Ranch,1.00,snacks
739,Poultry & Beef Feast Variety  Cat Food,1.00,pets
776,Ramen Noodle Soup Sriracha Chicken Flavor,1.00,missing
719,Phosphorus 30 C,1.00,personal care
740,Powdered Donut Holes,1.00,bakery
777,Raspberry Oikos Greek Yogurt,1.00,dairy eggs
720,Pierogi Potato & Cheese,1.00,other
778,Raspberry Vinaigrette with Poppyseed Dressing,1.00,pantry
721,Pig Ears Dog Treats,1.00,pets
707,Peeps Oreo Limited Edition With Marshmallow Peeps Flavored Creme Sandwich Cookies,1.00,missing
708,Penne,1.00,dry goods pasta
709,Peppermint Mocha Liquid Coffee Creamer,1.00,dairy eggs
710,Peppermint Patties Minis King Size,1.00,snacks
704,Peanut Butter Pie Ice Cream,1.00,frozen
711,Pepperoni Chub,1.00,meat seafood
705,Pearl Barley,1.00,dry goods pasta
712,Pepperoni Pizza Bites,1.00,frozen
706,Peas Baby 2nd Foods,1.00,babies
701,Peanut Butter Chocolate Chip Meal Bar,1.00,snacks
702,Peanut Butter Crunch,1.00,snacks
703,Peanut Butter Pie Frozen Custard,1.00,frozen
866,Smoked Wild Keta Peppered Salmon,1.00,meat seafood
867,Smokehouse Cheddar & Bacon Cold Dip & Appetizer Mix,1.00,pantry
868,Smoky Medium Roasted Salsa,1.00,pantry
863,Smart Relief TENS Therapy Back Pain Starter Kit,1.00,personal care
864,Smoked Gouda Potato Chips,1.00,snacks
865,Smoked Shaved White Turkey,1.00,deli
872,Soft & Chewy Sour Then Sweet Watermelon Candy,1.00,snacks
873,Soft & Crunchy Brown Rice Cracker Seaweed Roll,1.00,international
891,Spicy Mongolian Noodle Bowl,1.00,international
874,Soft White 60 Watts Halogen Bulb,1.00,household
892,Spiffy Sculpting Pomade,1.00,personal care
893,Spinach Wraps,1.00,bakery
875,Solid White Tuna,1.00,canned goods
869,Snack Bags,1.00,household
870,Snack Mix Bold Party Blend Value Size,1.00,snacks
871,Soap Bark & Chamomile Deep Cleansing Cream,1.00,personal care
832,Sensitive Daily Moisturizing Cream,1.00,personal care
888,Special K Oats & Honey Cereal,1.00,breakfast
833,Sensitive Fragrance Free Anti-Itch Lotion,1.00,personal care
889,Special K Vanilla Cappuccino Protein Breakfast Shakes,1.00,breakfast
834,Sesame Crackers,1.00,snacks
890,Specialty, Strawberry + Hibiscus Tea Brewed Bars,1.00,frozen
835,Shade Grown Ground Coffee,1.00,beverages
836,Shampoo, Green Apple & Ginger,1.00,personal care
857,Slow Churned Light Chocolate Ice Cream,1.00,frozen
837,Sheep Milk Original Plain Kefir,1.00,dairy eggs
858,Slow Churned the Original Rocky Road,1.00,frozen
854,Sliced Soppressata Salame,1.00,deli
859,Small Compostable Waste Bag,1.00,household
855,Sliced Yellow Cling Peach Slices in 100% Real Fruit Juice,1.00,canned goods
897,Spray & Go Aloe Fresh Moisturizer,1.00,personal care
856,Slider Quart Storage Bags,1.00,household
898,Spreadable W/Canola Oil Butter,1.00,dairy eggs
829,Seaweed Ramen,1.00,international
830,Seedless Jewish Rye Bread,1.00,bakery
831,Select Vitamin D Milk,1.00,dairy eggs
899,Sprouted Grain Low Sodium Bread,1.00,bakery
860,Small Dog Biscuits,1.00,pets
851,Skin Food,1.00,personal care
861,Small and Medium Clear Nasal Strips,1.00,personal care
900,Squared Plastic Bowl 20 Ounce,1.00,household
826,Scooby-Doo! Baked Honey Sticks Graham Crackers,1.00,snacks
852,Sleep Serenity Bedroom Mist Quiet Jasmine,1.00,household
862,Smart Mix Variety Pack,1.00,missing
827,Sea Salt & Cracked Pepper Deli Style pretzel Crisps,1.00,snacks
853,Sliced Fancy French Style Green Beans,1.00,canned goods
828,Sea Salt Garden Veggie Chips,1.00,snacks
894,Spirited Prints Full Sheet Regular Roll Paper Towels with Thirst Pockets,1.00,missing
895,Split Green Peas,1.00,dry goods pasta
896,Sport Performance Coolzone SPF 30 Sunscreen,1.00,personal care
844,Signature Lemon Supreme Cake Mix,1.00,pantry
845,Simmer Sauce Medium Rogan Josh Curry,1.00,international
846,Simply Delicious Black Forest Ham,1.00,deli
841,Shredded Parmesan Cheese,1.00,dairy eggs
842,Shredded Smokey Barbecue Beets,1.00,produce
843,Shrimp & Seafood Sauce,1.00,pantry
816,Sambucus Immune Syrup,1.00,personal care
817,Sandwich Cookies, Peanut Butter Cup,1.00,snacks
818,Santa Maria Seasoning,1.00,pantry
807,Rubber Bands,1.00,other
849,Skillet Meal for Two, Chicken Florentine & Farfalle,1.00,frozen
838,Sheer Moisture Lip Tint - Adorn,1.00,personal care
850,Skin Clearing Acne Wash Oil-Free Men,1.00,personal care
839,Sherry Wine Vinegar,1.00,pantry
813,Salted Caramel,1.00,snacks
840,Shower Fresh Antiperspirant & Deoderant,1.00,personal care
814,Salted Caramel Cashew Gluten Free Soft Baked Cookies,1.00,snacks
815,Salted Tub of Butter,1.00,dairy eggs
847,Simply Smart Lightly Breaded Chicken Filets,1.00,frozen
848,Sinex Vapospray,1.00,personal care
882,Southwest Vegetables With Ranchero Sauce,1.00,frozen
883,Southwest Veggie Burger,1.00,deli
884,Spanish Redskin with Sea Salt Peanuts,1.00,snacks
808,S‘mores Luna Bar,1.00,snacks
809,Safari Animals Strawberry Instant Oatmeal,1.00,breakfast
885,Sparkling Lemon Ice Tea,1.00,beverages
822,Sausage Cuts Real Beef Treats,1.00,pets
879,Souper 6-Pack Shrimp Flavor Ramen Noodle Soup,1.00,canned goods
886,Sparkling Peach Nectarine Soda,1.00,beverages
876,Sonoma Brut Sparkling Wine,1.00,alcohol
823,Sausage, Egg, & Cheese Croissant,1.00,frozen
880,Sour Patch Kids Gummy Candy,1.00,snacks
887,Special K Fruit & Yogurt Cereal,1.00,breakfast
877,Sore Throat, Sprayer, Menthol,1.00,personal care
881,Sourdough Rye Bread,1.00,bakery
878,Soup! Mix, Baked Burgundy French Onion,1.00,canned goods
810,Sage Citrus Dish It Out Dish Liquid,1.00,household
804,Robusto! Sauteed Onion & Garlic Pasta Sauce,1.00,dry goods pasta
811,Salsa, Fire Roasted, Chipotle, Medium,1.00,pantry
805,Rose & Chamomile Body Lotion,1.00,personal care
824,Sauvignon Blanc, Mendocino, 2007,1.00,alcohol
806,Rough Cut Sugar Cubes Demerara,1.00,pantry
812,Salt Free Garlic & Herb Seasoning,1.00,pantry
825,School Safe Chocolate Chip Cookie Bars,1.00,bakery
819,Sardines in Pure Spring Water,1.00,canned goods
820,Sauce for Broccoli Beef,1.00,international
801,Riesling Central Coast,1.00,alcohol
821,Saucy Ginger Mandarin Dressing,1.00,pantry
802,Ritz Crackerfuls Classic Cheddar Filled Crackers,1.00,snacks
803,Roasted Garlic Mashed Potates,1.00,dry goods pasta
966,Tidy Cats 24/7 Performance Cat Litter,1.00,pets
967,To Go Snack Containers & Lids,1.00,household
968,Toasted Coconut Caramel Artisan Popcorn,1.00,snacks
963,Thin Salted Matzos,1.00,international
964,Thousand Island Salad Dressing,1.00,pantry
965,Three Cheese Pretzel Thins,1.00,snacks
972,Toilet Enzyme Cleaner,1.00,household
973,Toilet Paper Double Rolls,1.00,household
974,Toll House Peanut Butter & Milk Chocolate Morsels,1.00,pantry
975,Tomato & Fresh Basil Sauce,1.00,dry goods pasta
969,Toasted Sesame Water Crackers,1.00,snacks
970,Toddler Formula Iron Fortified Dairy Powder,1.00,babies
971,TofuPlus Black Soybean Organic Firm Tofu,1.00,international
954,Tea Variety Pack,1.00,beverages
957,Teriyaki Noodle Bowl,1.00,dry goods pasta
955,Tender Centers Salmon & White Meat Chicken Flavors Dry Cat Food,1.00,pets
958,The Amazing Prune Light Prune Juice Cocktail,1.00,beverages
956,Teriyaki Beef Jerky Protein On-the-Go,1.00,snacks
959,The Original Firecracker Ice Pop,1.00,frozen
916,Strawberry Probiotic Dairy Drink,1.00,personal care
932,Superfood Pesto Sauce,1.00,dry goods pasta
917,Strawberry Yogurt Nutrition Bar,1.00,snacks
933,Sweet & Salty Popcorn Crisps,1.00,snacks
918,Stringles Organic Colby Jack Cheese,1.00,dairy eggs
934,Sweet Basil Leaf Flakes,1.00,pantry
951,Taramosalata,1.00,deli
960,The Pounder Pretzel Snaps,1.00,snacks
952,Tea Tree & Lavender Shampoo & Body Wash,1.00,babies
961,Thick & Full Biotin & Collagen Conditioner,1.00,personal care
953,Tea Tree Oil Mouthwash, with Essential Oil of Spearmint,1.00,personal care
962,Thin Crust Spinach And Mushroom Pizza,1.00,frozen
935,Sweet Gherkin Pickles,1.00,pantry
936,Sweet Kale Salad Mix,1.00,produce
937,Sweet Mint Gum,1.00,snacks
913,Strawberry Gummy Candy,1.00,snacks
914,Strawberry Kefir,1.00,dairy eggs
915,Strawberry Lemonade Unsweetened Soft Drink Mix,1.00,beverages
929,Super Saver Halogen 43 Watts Soft White Light Bulbs,1.00,household
930,Super Sensitive No Fragrance Hair Conditioner,1.00,babies
931,Super Shiny Mango Shampoo,1.00,personal care
982,Total Advanced Whitening Toothpaste,1.00,personal care
926,Super Glue, Gel, Blister Pack,1.00,household
983,Touch Y-Peeler,1.00,household
927,Super Hold Unscented Shaping Hair Spray,1.00,personal care
907,Stone Go To IPA,1.00,alcohol
984,Traditional Medicinals Cold Care Seasonal Sampler,1.00,beverages
908,Stool Softener Capsules,1.00,personal care
909,Stove Top Stuffing Mix For Chicken,1.00,dry goods pasta
928,Super Moist Devil‘s Food Cake Mix,1.00,pantry
985,Traditional Non-Alcoholic Egg Nog,1.00,dairy eggs
986,Triple Action Fresh Mint Fluoride Free Toothpaste,1.00,personal care
922,Summer Strawberry Fruit Strip,1.00,snacks
910,Strawberry Banana Coconut Milk Yogurt,1.00,dairy eggs
987,Triple-Acting Stain Remover Liquid Refill Pre-Spotter,1.00,household
944,Sweet and Tangy Barbecue Wings,1.00,frozen
911,Strawberry Banana Flavored 4 Juice Smoothie Blend,1.00,beverages
923,Sun Dried Tomato Sauce,1.00,dry goods pasta
945,Swiss Milk Chocolate Candy,1.00,snacks
912,Strawberry Cheesecake Protein Bar,1.00,snacks
946,Syrup Day Time Cold & Cough Cherry 4oz,1.00,personal care
979,Tooth Flossers,1.00,personal care
980,Top Sliced Hot Dog Buns,1.00,bakery
949,Tamari Seaweed Brown Rice Snaps,1.00,snacks
981,Tortilla Chips with Salt,1.00,snacks
950,Tapioca Pudding Cups,1.00,dairy eggs
976,Tomato Balsamic Vinegar Ketchup,1.00,pantry
977,Tomato GemWraps,1.00,bakery
924,Sunscreen, Pure Lavender, Broad Spectrum SPF 45,1.00,personal care
978,Tomato Pesto, Sun-Dried,1.00,dry goods pasta
904,Stella Rosa Moscato D‘Asti,1.00,alcohol
925,Super Daily D3 4000 IU Vitamin D Drops,1.00,personal care
947,Taco Seasoning,1.00,international
905,Sticks Candy Bar,1.00,snacks
948,Tall Kitchen Drawstring 13-Gallon Trash Bags,1.00,household
906,Stix Crispy Seaweed Strips Wasabi,1.00,snacks
919,Sugar Free  Classic Caramel Flavoring Syrup,1.00,pantry
920,Sugar Free Lime Gelatin Dessert,1.00,pantry
941,Sweet Potatoes Fries,1.00,frozen
921,Sumatra Dark Roast K-Cups,1.00,beverages
942,Sweet Potatoes Stage 2,1.00,babies
943,Sweet Tangerine Positive Energy Tea,1.00,beverages
901,Sriracha Flavor Tortilla Chips,1.00,snacks
938,Sweet Potato Pie Chewy Fruit and Vegetable Snack,1.00,snacks
902,Stage 1 Apple Spinach Rutabagas Organic Pureed Baby Food,1.00,babies
939,Sweet Potato, Quinoa, & Kale Ravioli,1.00,dry goods pasta
903,Steamers Broccoli & Cheese Sauce,1.00,frozen
940,Sweet Potatoes,1.00,frozen
991,Turkey Bacon,1.00,meat seafood
992,Turkey Bar, Almond + Cranberry,1.00,snacks
993,Turkey Cotto Salami,1.00,deli
988,Triscuit Reduced Fat Crackers,1.00,snacks
989,Trix Strawberry Punch Low Fat Yogurt,1.00,dairy eggs
990,Turkey & Sweet Potato Dog Treats,1.00,pets
994,Turkey Thighs,1.00,meat seafood
995,Turnip,1.00,produce
996,Tuscan Kale,1.00,produce
997,Two Extra Hold Aerosol Hair Spray,1.00,personal care
999,Udon Soup Bowl,1.00,international
998,U Ultra Overnight With Wings Pads,1.00,personal care
1000,Ultimate Absorbency Regular Length,1.00,personal care
1061,Whole Milk Plain Kefir,1.00,dairy eggs
1058,Whole  8" Sweet Potato Pie,1.00,bakery
1059,Whole Cantaloupe,1.00,produce
1060,Whole Frozen Strawberries,1.00,frozen
1085,Yogurt Covered Almonds,1.00,other
1086,Yokids Squeeze Strawberry Yogurt,1.00,dairy eggs
1087,Zero Calorie Iced Green Tea Raspberry,1.00,beverages
1052,White Corn Canned,1.00,canned goods
1053,White Foil,1.00,household
1054,White Grapefruit Dish Soap,1.00,household
1067,Wide Egg Noodles,1.00,dry goods pasta
1076,XL Sandwich Bags,1.00,household
1029,Vanilla Yougurt with Snickers Pieces,1.00,snacks
1077,Xtreme Defense 5 Fresh Blast Gel Anti-Perspirant & Deodorant,1.00,personal care
1064,Whole Wheat Challah,1.00,bakery
1030,Vaporizing Decongestant Vicks VapoRub Cough Suppressant Topical Analgesic Ointment 3.53 oz Respiratory Care,1.00,personal care
1068,Wide Ruled Notebook Paper,1.00,household
1082,YoKids Strawberry Banana Organic Lowfat Yogurt,1.00,dairy eggs
1031,Variety Minis with Dark Chocolate Ice Cream Bars,1.00,frozen
1065,Whole Wheat Flour Tortilla,1.00,bakery
1078,Yahrzeit Memorial Candle,1.00,household
1055,White Hot庐 Safety Spoons,1.00,babies
1066,Whole Wheat Walnut Bread,1.00,bakery
1056,White Spearmint Sugar-Free Gum,1.00,snacks
1057,Whitening Plus Scope Crest Complete Whitening + Scope Multi-Benefit Minty Fresh Striped Toothpaste 12.4oz Twin Pack  Dentifrice,1.00,personal care
1032,Vegan Honey Mustard Dressing,1.00,pantry
1033,Vegetable Classics Green Split Pea Soup,1.00,canned goods
1079,Yakisoba Teriyaki Chicken Flavor Noodles,1.00,missing
1034,Vegetable Combo Sp,1.00,deli
1069,Wild Berry Mix Nuts Seeds And Berries,1.00,snacks
1049,Water Enhancer, Stevia, Strawberry Kiwi,1.00,snacks
1080,Yellow Rice & Chicken with Vegetables in Sauce with Green Beans & Carrots,1.00,babies
1062,Whole Milk, Vitamin D, Jug,1.00,dairy eggs
1050,WetJet with Dawn Cleaner Solution Refill,1.00,household
1073,Wild Wonders Gourmet Medley Tomatoes,1.00,produce
1051,Whipped Cocoa Butter Soap,1.00,personal care
1063,Whole Strawberries,1.00,frozen
1026,Vanilla Organic Coconut Milk Yogurt,1.00,dairy eggs
1074,Wipes,1.00,babies
1027,Vanilla Pudding & Pie Filling,1.00,pantry
1075,With Pineapple Pulp Free Orange Juice,1.00,beverages
1028,Vanilla Syrup,1.00,beverages
100002,pork,12.00,foods
100003,ipad,1460.00,utils
1024,Vanilla Milk Chocolate Almond Ice Cream Bar,1.00,frozen
199999,why,188.00,snacks
1070,Wild Cherry Throat Drops,1.00,personal care
1047,Warm & Crunchy Cranberry Almond Granola,1.00,breakfast
1025,Vanilla Mocha Frappuccino,1.00,beverages
1071,Wild Pink Salmon, No Salt Added,1.00,canned goods
1048,Wasabi Crunchy Chickpeas,1.00,international
1072,Wild Raspberry Hibiscus Caffiene Free Herbal Tea Bags,1.00,beverages
1088,Zero Coke Soda Mini Bottles,1.00,beverages
1089,Zero Dish Soap Fragrance Free,1.00,household
100001,TableLight,19.70,utils
1015,Unsweetened Vanilla,1.00,beverages
1041,Vieille Provision Saison Dupont Unfiltered Belgian Farmhouse Ale,1.00,alcohol
1016,Unwrapped Bites,1.00,snacks
1006,Ultra-Filtered Whole Milk,1.00,dairy eggs
1042,Vinegar, Balsamic, of Modena,1.00,international
1017,V-Fusion +Energy Orange Pineapple Juice,1.00,beverages
1038,Very Berry Flavor Sparking Mineral Water,1.00,beverages
1043,VitaSea Juice,1.00,beverages
1007,Uncrustables Reduced Sugar Peanut Butter & Grape Soft Bread Sandwiches,1.00,frozen
1039,Very Emollient Sunscreen Lip Care Hypoallergenic SPF 25,1.00,personal care
1008,Unfrosted Buncha Blueberries Toaster Pastries 6 Count,1.00,breakfast
1040,Via Italian Roast Decaf Coffee,1.00,beverages
1044,Vitacraves Multivitamin Supplement Gummies for Adults,1.00,personal care
1045,Vitacraves Multivitamin Supplement Gummies for Women,1.00,personal care
1009,Uniquely Creamy French Vanilla Frozen Yogurt,1.00,frozen
1021,Vanilla Cupcake Goldfish Graham Crackers,1.00,snacks
1046,Wake Up Roast Medium Coffee,1.00,beverages
1010,Unscented Baby Wipes,1.00,babies
1012,Unsweet Cherry Sparkling Water,1.00,beverages
1022,Vanilla Hempmilk,1.00,dairy eggs
1035,Vegetarian Chili Seasoning,1.00,pantry
1013,Unsweetened All Natural Black Coffee,1.00,beverages
1023,Vanilla Honey Graham Crunchy Cookies,1.00,snacks
1011,Unscented Disposable Dusters Refills,1.00,household
1036,Veggies Peas Carrots & Beets Baby Food,1.00,babies
1014,Unsweetened Flax, Rice, Hemp Milk,1.00,dairy eggs
1018,V8 Vegetable Juice Spicy Hot,1.00,beverages
1037,Vermouth Tipsy Onions,1.00,pantry
1019,Vamp Kale Chips,1.00,snacks
1020,Vanilla Chai Tea Latte,1.00,beverages
1003,Ultra Fresh Living GLoves,1.00,household
1001,Ultimate Flora Ultra Potent 100 Billion 12 GPS Probiotic Vegetable Capsules,1.00,personal care
1004,Ultra Protein Power Crunch Peanut Butter N‘ Honey Granola,1.00,breakfast
1002,Ultimate Intensive Healing Hand Cream,1.00,other
1005,Ultra-Calming Foaming Cleanser, Fragrance Free,1.00,personal care
1083,Yogurt Cheese with Probiotic,1.00,dairy eggs
1081,Yerba Mate, Unsmoked Green Energy,1.00,beverages
1084,Yogurt Cheese, Spreadable, Mediterranean Style, Lite,1.00,dairy eggs
