goods_id,goods_type,goods_name,goods_price,goods_cnt,goods_desc
1,beverages,0 Calorie Fuji Apple Pear Water Beverage,1,10,
2,snacks,1 Apple + 1 Pear Fruit Bar,1,10,
3,canned goods,100 Calorie Bartlett in Extra Light Syrup Pear Halves,1,10,
4,pantry,100% All Natural Crunchy Peanut Butter,1,10,
5,beverages,100% Juice Apple Juice,1,10,
6,beverages,"100% Juice, Apple Peach Mango",1,10,
7,beverages,100% Orange Strawberry Banana Juice,1,10,
8,other,100% Pure Eucalyptus,1,10,
9,household,100% Pure Tangerine Oil,1,10,
10,frozen,100% White Grape Juice Concentrate,1,10,
11,personal care,1000 Roses Heavenly Night Cream for Sensitive Skin,1,10,
12,household,12 Ounce Plastic Bowls,1,10,
13,household,16 Oz White Plastic Tumbler Glasses,1,10,
14,dairy eggs,2% Low-fat Cottage Cheese,1,10,
15,dairy eggs,2% Lowfat Cottage Cheese,1,10,
16,personal care,2-In-1 Ocean Charge Shampoo & Conditioner,1,10,
17,personal care,2chic Avocado & Olive Oil Shampoo Travel Size,1,10,
18,canned goods,3 Bean Salad,1,10,
19,household,30 Gallon Quick Tie Outdoor Trash Bags,1,10,
20,babies,3rd Foods Chicken Noodle Dinner,1,10,
21,frozen,5 Cheese Garlic Bread Loaf,1,10,
22,snacks,70% Dark Chocolate Candy Bar with Raspberries,1,10,
23,dairy eggs,8 oz Dofino Havarti Light,1,10,
24,meat seafood,"85% Lean, 15% Fat Ground Turkey (013021)",1,10,
25,household,"8\"" Mesh Strainer",1,10,
26,personal care,Acid Reducer Omeprazole Tablets,1,10,
27,snacks,Active Greens Food Bar,1,10,
28,personal care,"Active Health Teen, Tablets",1,10,
29,personal care,Adavanced Eye Relief Dry Eye Drops Rejuvenation,1,10,
30,personal care,"Adhesive Bandages, Finding Dory, Assorted Sizes",1,10,
31,personal care,Adult MultiVites Gummy Vitamins,1,10,
32,pets,Adult Urinary Tract Health Formula Cat Food,1,10,
33,babies,Advance Powder,1,10,
34,frozen,Air Heads Ice Pops,1,10,
35,alcohol,"Ale,Variety",1,10,
36,missing,All Black Single Original Coffee,1,10,
37,frozen,All Natural Crispy with Panko Breading & Sea Salt Onion Rings,1,10,
38,personal care,All Natural Gardenia Hand And Body Lotion,1,10,
39,pantry,All Natural Gluten Free All Purpose Baking Mix,1,10,
40,deli,All Natural Roasted Garlic Hummus,1,10,
41,household,All Purpose Cleaner Concentrate Grapefruit Seed & Orange Peel,1,10,
42,household,"All Purpose Cleaner, Antibacterial",1,10,
43,pantry,All Purpose Natural Sea Salt,1,10,
44,breakfast,All-Bran Original Cereals,1,10,
45,babies,All-One Baby Unscented Pure-Castile Bar Soap,1,10,
46,personal care,Allergy Relief Tablets,1,10,
47,personal care,Allium Cepa 30 C,1,10,
48,pantry,Almond Butter Smooth,1,10,
49,personal care,Almond Cream and Hibiscus Body Wash,1,10,
50,frozen,Almond Ice Cream Bars,1,10,
51,snacks,Almonds  Dark Chocolate Squares,1,10,
52,snacks,Almonds & Sea Salt in Dark Chocolate,1,10,
53,beverages,Aloe Chunk Juice with Vitamin C,1,10,
54,personal care,Aloe Vera Satin Soap,1,10,
55,dairy eggs,American Cheese Slices 12 Count,1,10,
56,dry goods pasta,American Jazmine Rice,1,10,
57,meat seafood,Andouille Smoked Pork Sausage,1,10,
58,alcohol,Anejo Tequila,1,10,
59,meat seafood,Angus Roast Beef,1,10,
60,snacks,Animalitos Cookies,1,10,
61,personal care,Anti Nausea Liquid,1,10,
62,personal care,"Anti-Perspirant Deodorant, Clear Gel, Cool Wave",1,10,
63,personal care,Antibacterial Spray,1,10,
64,beverages,Antioxidant Infusions Costa Rica Clementine,1,10,
65,alcohol,Apple Ale,1,10,
66,bakery,Apple Heart Thrive Energy Bar,1,10,
67,beverages,Apple Kiwi Strawberry Juice,1,10,
68,babies,Apples and Plums Stage 2 Baby Food,1,10,
69,beverages,Appley Ever After Organic Juice Drink,1,10,
70,household,April Fresh Fabric Softener Dryer Sheets,1,10,
71,personal care,Aqua with Vitamin E Refreshing Soap,1,10,
72,other,Arouses & Intensifies Personal Lubricant,1,10,
73,dry goods pasta,Arrabbiata Sauce,1,10,
74,canned goods,Artichoke Hearts Quartered,1,10,
75,dairy eggs,Asiago All Natural Cheese Aged Over 5 Years,1,10,
76,bakery,Assorted Halloween Cupcakes,1,10,
77,produce,Ataulfo Mangos,1,10,
78,canned goods,Au Jus Base,1,10,
79,snacks,"Avocado Oil, Popcorn",1,10,
80,personal care,B Right Complex Capsules,1,10,
81,other,Baby Eczema Relief Body Creme,1,10,
82,missing,Baby Gouda Cheese,1,10,
83,frozen,Baby Romaine,1,10,
84,dairy eggs,Baby Swiss Cheese Pre-Sliced Deli,1,10,
85,meat seafood,"Bacon, Beer & Cheddar Bratwurst",1,10,
86,produce,Bag of Gala Apples,1,10,
87,snacks,Baked & Popped Variety Snack Packs,1,10,
88,snacks,Baked Sea Salt & Vinegar Potato Chips,1,10,
89,bakery,Bakery Classics Sliders Golden Potato Buns,1,10,
90,pantry,Balsamic Vinegar Glaze,1,10,
91,international,Bamba Peanut Snack,1,10,
92,babies,Banana & Sweet Potato Organic Teething Wafers,1,10,
93,bakery,Banana Nut Muffin,1,10,
94,babies,Banana Peach & Raspberry,1,10,
95,beverages,Banana Smoothie Mix,1,10,
96,frozen,Bananas Foster Ice Cream,1,10,
97,personal care,"Bars, Slim, Raspberry Truffle, Vegan, Bars, Gluten Free, Box",1,10,
98,frozen,Beef & Cheese Mini Tacos,1,10,
99,meat seafood,Beef Smoked Sausage,1,10,
100,snacks,Beef Steak with Cranberry & Sriracha,1,10,
101,meat seafood,Beef Top Round Steak,1,10,
102,alcohol,Belgian Style White Beer,1,10,
103,snacks,Berries GoMega Superfood Bar,1,10,
104,beverages,Berry Almond Milk Juice Smoothie,1,10,
105,breakfast,Berry Blossoms Cereal,1,10,
106,pantry,Best Blend Pure 100% Natural Vegetable & Canola Oils,1,10,
107,canned goods,Best Cannellini White Kidney Beans,1,10,
108,dry goods pasta,Big Easy Heat & Serve Rice Red Beans & Rice,1,10,
109,produce,Bing Dark Red Sweet Cherries,1,10,
110,personal care,Biotin B Complex Thickening Shampoo,1,10,
111,frozen,Bites Ft Chicken Rollers,1,10,
112,dairy eggs,Black Cherry Dairy-Free Yogurt Alternative,1,10,
113,international,Black Mole Sauce,1,10,
114,personal care,Blood Builder,1,10,
115,beverages,Blue Edition Blueberry Flavored Energy Drink,1,10,
116,beverages,Blueberry Banana Almondmilk,1,10,
117,breakfast,Blueberry Granola,1,10,
118,frozen,Blueberry Pancakes & Sausage On A Stick,1,10,
119,other,Bold & Spicy Bloody Mary Mix,1,10,
120,canned goods,Bone Organic Chicken with Ginger Broth,1,10,
121,canned goods,Bonito del Norte in Olive Oil,1,10,
122,alcohol,Bourbon Whiskey,1,10,
123,bakery,Bread Co New York Rye,1,10,
124,pantry,"Bread Crumbs, Plain",1,10,
125,household,Broiler Pans,1,10,
126,frozen,Brooklyn Blackout Cake Ice Cream,1,10,
127,frozen,Brown 'N Serve Original Fully Cooked Sausage Patties,1,10,
128,bakery,Brownberry 100% 12 Grain Bread,1,10,
129,snacks,Brownie Chocolate Chip Mini Cake,1,10,
130,dry goods pasta,Bucatini,1,10,
131,missing,Buffalo Style Chicken Wrap,1,10,
132,produce,Bunched Cilantro,1,10,
133,frozen,Burgers Spicy Black Bean Veggie Burgers,1,10,
134,frozen,"Burgers, Gourmet",1,10,
135,snacks,Butter Lovers Microwave Popcorn,1,10,
136,snacks,Butterfinger Minis,1,10,
137,alcohol,"Cabernet Sauvignon, H3 Collection, Horse Heaven Hills",1,10,
138,snacks,Cacao Mint Protein Bomb Energy Ball,1,10,
139,personal care,Cacao Nibs,1,10,
140,frozen,Cafe Steamers Spaghetti & Meatballs,1,10,
141,pantry,Cake Mate Decors Blue,1,10,
142,deli,Calabrese uncured italian Salami  with pepper and paprika,1,10,
143,personal care,"Calcium, 600 mg, Liquid Softgels",1,10,
144,alcohol,California Chenin Blanc,1,10,
145,dairy eggs,Campo De Montalban,1,10,
146,pets,Canine Carry Out Beef Chicken Bone,1,10,
147,snacks,Cantina Thin & Crispy Tortilla Chips,1,10,
148,snacks,Caramel & Cheddar Popcorn Mix,1,10,
149,missing,Caramel Almondmilk Creamer,1,10,
150,beverages,Caramel Apple Dream Herbal Tea,1,10,
151,missing,Caramel Whipped Latte,1,10,
152,dry goods pasta,Casareccia,1,10,
153,snacks,Cashew Halves & Pieces,1,10,
154,household,Cashmere Woods Air Freshener,1,10,
155,meat seafood,Center Cut Bacon,1,10,
156,frozen,Cheese Pizza Toaster Pops,1,10,
157,dry goods pasta,Cheesy Italian Shells Hamburger Helper,1,10,
158,frozen,Chef's Favorites with Alfredo Sauce Penne & Vegetables,1,10,
159,beverages,Cherry Coke,1,10,
160,beverages,Cherry Diet Soda,1,10,
161,alcohol,Cherry Noir Vodka,1,10,
162,missing,Cherubs Snacking Tomatoes,1,10,
163,beverages,Chia Cherry Lime Juice Smoothie,1,10,
164,dry goods pasta,Chicken & Mushroom Rice & Vermicelli Mix,1,10,
165,deli,Chicken Curry Salad,1,10,
166,pets,Chicken Flavored Bone 4 Inch Dog Chew,1,10,
167,meat seafood,Chicken Sausage Apple,1,10,
168,frozen,Chicken with Peanut Sauce,1,10,
169,personal care,Children's Tooth Gel,1,10,
170,missing,Chili Mac & Cheese,1,10,
171,international,Chipotle Peppers in Adobo Sauce,1,10,
172,canned goods,Chipotle Sweet Potato Soup,1,10,
173,personal care,ChlorOxygen Alcohol Free Chlorophyll Concentrate Softgels,1,10,
174,frozen,Chocolate Chip Cookie Dough Sundae Tasty American Favorites,1,10,
175,dairy eggs,Chocolate Fudge Pudding,1,10,
176,dairy eggs,Chocolate Hazelnut Snack Pack,1,10,
177,frozen,Chocolate Ice Cream,1,10,
178,snacks,Chocolate Peanut Butter Energy Bar,1,10,
179,frozen,Chocolate Truffle Ice Cream,1,10,
180,snacks,Chocolate Whole Grain Graham Snacks Bunny Grahams,1,10,
181,pets,"Chopped Blends With Beef, Carrots, Peas & Barley Dog Food",1,10,
182,deli,Chorizo Seitan,1,10,
183,canned goods,Chunk Light in Water 50% Less Sodium Tuna,1,10,
184,dry goods pasta,Chunky 7-Herb Tomato Pasta Sauce,1,10,
185,household,Citrus Orchard Super Odor Neutralizer,1,10,
186,personal care,Citrus Spalsh & Berry Fusion Body Wash,1,10,
187,household,Clary Sage & Citrus Cleaning Wipes,1,10,
188,snacks,Classic Chocolate Mix Assortment,1,10,
189,deli,Classic Original Hommus,1,10,
190,pets,Classic Pate Chicken & Tuna Dinner Cat Food,1,10,
191,frozen,Classic Vegetables Crinkle Cut Carrots,1,10,
192,household,Clean Breeze庐 Brise Pure庐 Liquid Laundry Detergent,1,10,
193,household,Cleaner,1,10,
194,personal care,Cleansing Cream,1,10,
195,household,Clementine Dish Soap,1,10,
196,beverages,Club Soda Lower Sodium,1,10,
197,deli,Cobb Salad With Chicken & Bacon,1,10,
198,breakfast,Coco Roos Cereal,1,10,
199,personal care,Cocoa Butter Formula with Vit. E Massage Lotion for Stretch Marks,1,10,
200,breakfast,Cocoa Krispies Cereal,1,10,
201,snacks,Coconut Cashew Crunch Bites,1,10,
202,bakery,Coconut Lemon Bars,1,10,
203,dairy eggs,Coconut Milk Creamer Barista Style Original,1,10,
204,international,Coconut Milk Light,1,10,
205,frozen,Coconut Milk Non Dairy Frozen Dessert Chocolate Peanut Butter Swirl,1,10,
206,frozen,Coconut Milk Vanilla Frozen Dessert,1,10,
207,alcohol,Coconut Rum,1,10,
208,beverages,Coconut Water with Orange Mango,1,10,
209,beverages,Coffee Cold Brew Fs W Mcts,1,10,
210,pantry,Colby Jack Cheese Chunks,1,10,
211,personal care,Cold Snap,1,10,
212,frozen,Coldbrew Coffee Pops,1,10,
213,personal care,Collagen Elastin Body Lotion,1,10,
214,frozen,Comfort Bakes - Scalloped Potatoes in a Creamy Cheese Sauce with Ham,1,10,
215,other,Compact Emeryl File,1,10,
216,dry goods pasta,Compleats Homestyle Chicken Alfredo,1,10,
217,personal care,Complete Acid Reducer & Antacid Tablets,1,10,
218,pets,Complete Adult Dog Food,1,10,
219,snacks,Cookies 'n' Creme,1,10,
220,snacks,Cool Mint Chocolate Energy Bar,1,10,
221,personal care,Cool Mint Floss,1,10,
222,personal care,Coolmint庐 Antiseptic Mouthwash,1,10,
223,personal care,Cough Vicks NyQuil Cough Nighttime Relief Cherry Flavor Liquid 8 fl oz  Respiratory Care,1,10,
224,snacks,Cranberry Raincoast Oat Crisps,1,10,
225,personal care,Cranberry Urinary Tract Health,1,10,
226,personal care,Crayola Squeeze-A-Color Anticavity Flouride Toothpaste Tropical Twist,1,10,
227,canned goods,Cream Style Corn Golden Sweet,1,10,
228,breakfast,Cream of Buckwheat Cereal,1,10,
229,canned goods,Cream of Mushroom Soup,1,10,
230,dry goods pasta,Creamy Vodka  Pasta Sauce,1,10,
231,pantry,Creamy Wildflower Honey,1,10,
232,frozen,Crispy Seasoned Potato Puffs with Roasted Garlic & Cracked Pepper,1,10,
233,dairy eggs,Crossovers Cocnt Curry Cashew,1,10,
234,babies,Cruisers Pampers Cruisers Diapers,1,10,
235,babies,Crystal Pacifier,1,10,
236,pantry,Cr猫me De Menthe Baking Chips,1,10,
237,international,"Curry, Condensed, Mild, Korma Masala",1,10,
238,canned goods,Cut Asparagus Spears,1,10,
239,dairy eggs,DHA Omega-3 Vanilla Lowfat Milk,1,10,
240,dairy eggs,Dairy Free Coconut Milk Blueberry Yogurt Alternative,1,10,
241,dairy eggs,Dairy Free Cultured Almond Milk Blueberry Yogurt,1,10,
242,missing,Dairy Free Unsweetened Almond Milk Beverage,1,10,
243,dairy eggs,Dairy Free Vanilla Coconut Milk,1,10,
244,snacks,Dark Chocolate Chips,1,10,
245,frozen,Deep Dish Pizza,1,10,
246,dry goods pasta,Deluxe Sauce Made with 2% Milk Cheese Macaroni & Cheese Dinner,1,10,
247,household,Designer Paper Plates 8.75 In,1,10,
248,snacks,Dessert Shop Chocolate Brownie Cookies,1,10,
249,other,"Detox, Bentonite, Great Plains",1,10,
250,canned goods,Deviled Ham Spread,1,10,
251,canned goods,Diced Peeled Tomatoes In Tomato Juice,1,10,
252,beverages,Diet Cranberry with Lime Juice,1,10,
253,personal care,Digestive Relief Chewable Tablets,1,10,
254,breakfast,Dipps Dark Chocolatey Granola Bars,1,10,
255,household,Dish Detergent Original,1,10,
256,household,"Dishwasher Detergent, Lemon Scent with Clorox",1,10,
257,bakery,"Donuts, Classic, Pumpkin",1,10,
258,personal care,Double Chocolate Chunk Protein Bar,1,10,
259,household,Double Zipper Freezer Bags,1,10,
260,snacks,Dried Mangoes,1,10,
261,missing,Dried Minced Garlic,1,10,
262,dairy eggs,Drinkable Yogurt Starwberry,1,10,
263,personal care,Dry Eye Relief,1,10,
264,snacks,Dry Roasted Honey Roasted Peanuts,1,10,
265,personal care,Dye-Free Pain Reliever/Fever Reducer Berry Flavor Infants Drops,1,10,
266,personal care,Early To Bed Shower Gel,1,10,
267,household,Easy Find Lids Containers 14 Cups,1,10,
268,beverages,Eater's Digest Organic Peppermint Tea Bags,1,10,
269,frozen,Egg And Bacon Burritos,1,10,
270,frozen,"Egg, Bacon & Cheese Breakfast Taquitos",1,10,
271,frozen,Eggplant Cutlets,1,10,
272,dry goods pasta,Elbows Enriched Macaroni Product,1,10,
273,beverages,Energy Drink Ultra Citron,1,10,
274,dry goods pasta,Enriched Long Grain White Rice,1,10,
275,alcohol,Especial,1,10,
276,dairy eggs,Espresso Bellavitano,1,10,
277,beverages,Espresso Forte Deep Roast Ground Coffee,1,10,
278,beverages,Essence Tangerine,1,10,
279,personal care,Everpure Sulfate-Free Color Care System Rosemary Mint Volume Conditioner,1,10,
280,personal care,Every Woman's One Daily Multi-Vitamin Dietary Supplement,1,10,
281,household,Everyday Tissues,1,10,
282,bakery,Extra Fiber Bread,1,10,
283,personal care,"Extra Strength Acetaminophen, Aspirin (NSAID) and Caffeine Caplets Pain Reliever/Pain Reliever Aid",1,10,
284,snacks,Extra Strong Dark Chocolate,1,10,
285,pantry,Extra Virgin Olive Oil Rich Taste,1,10,
286,pantry,Extra Virgin Olive Oil Spray,1,10,
287,personal care,Extra-Strength Heartburn Relief,1,10,
288,personal care,Eye Drops for Contact Lenses,1,10,
289,personal care,"Eye Makeup Remover, Chamomile & Green Tea",1,10,
290,frozen,Ezekial 4:9 Organic Sprouted Blueberry Waffles,1,10,
291,babies,"Face, Hand & Baby Wipes Fragrance Free",1,10,
292,personal care,Facial Mud,1,10,
293,beverages,Fair Trade Organic French Roast Coffee,1,10,
294,deli,Fakin' Bacon Organic Smoky Tempeh Strips,1,10,
295,deli,Falafel Balls,1,10,
296,pets,Fancy Feast Seafood Feast Variety Classic Wet Cat Food,1,10,
297,deli,Farms Thin Sliced Smoked Ham,1,10,
298,dairy eggs,Fat Free Mozzarella,1,10,
299,household,Febreze Fresh Clean Garbage Bags,1,10,
300,household,Febreze Lavender Vanilla & Comfort Scent Sweeper Dry Pad Refills,1,10,
301,personal care,Feminine Relief Anti-Itch Creme,1,10,
302,frozen,Fiesta Grilled Chicken,1,10,
303,pantry,Finely Ground Natural Almond Meal,1,10,
304,frozen,Fish Stick Meal,1,10,
305,frozen,Flame Grilled Beef Patty,1,10,
306,breakfast,Flax & Chia Oatmeal,1,10,
307,bakery,Flax Seed Oat Bread,1,10,
308,personal care,Flintstones Iron Chewable Multivitamin Tablets for Children,1,10,
309,pantry,Flour,1,10,
310,bakery,Flour Tortillas,1,10,
311,personal care,Foamy Sensitive Skin Shaving Cream,1,10,
312,personal care,Food-Based Calcium with Magnesium & Vitamin D3 Tablets,1,10,
313,personal care,Fragrance Free Natural Confidence Deodorant Crystal,1,10,
314,personal care,Fragrance Free Original For Dry & Sensitive Skin Lotion,1,10,
315,personal care,Fragrance Free Spray Mist Body Deodorant,1,10,
316,household,Free & Clear Dishwasher Rinse Aid,1,10,
317,produce,Fresh Blueberries,1,10,
318,canned goods,Fresh Cut Sliced Beets,1,10,
319,produce,Fresh Organic Blueberries,1,10,
320,deli,Fresh Salsa,1,10,
321,deli,Fresh Salsa Hot,1,10,
322,pets,Friskies Party Mix Cat Treat Puffs Barnyard Bonanza,1,10,
323,breakfast,Frontier Whole Wheat Oat & Honey Flapjack and Waffle Mix,1,10,
324,frozen,Frozen Dark Sweet Pitted Cherries,1,10,
325,missing,Frozen Mexican Style Pulled Pork Bowl,1,10,
326,personal care,Fructis Pure Clean Shampoo Normal Hair,1,10,
327,snacks,Fruit & Nut Trail Mix Chewy Granola Bars,1,10,
328,snacks,Fruit Gushers Mouth Mixers Punch Berry Fruit Flavored Snacks,1,10,
329,beverages,Fruit Refreshers Mandarin Oranges in Slightly Sweetened Coconut Water Fruit Cups,1,10,
330,household,Full Sheet Big Rolls 12 Ct,1,10,
331,frozen,Fun Shaped Chicken Breast Nuggets,1,10,
332,dry goods pasta,Fusilli No. 34 Tricolor Pasta,1,10,
333,personal care,Fusion ProGlide Sensitive 2 in 1 Shave Gel Alpine Clean,1,10,
334,alcohol,"GSM, Central Coast, Vintage: 2011",1,10,
335,produce,Gala Apple,1,10,
336,beverages,Gallon Size Black Iced Tea Bags,1,10,
337,frozen,Garlic Chicken White Pizza Frozen Sandwiches,1,10,
338,international,Garlic Mint Cheese,1,10,
339,personal care,Gasalia Gas Quick-Dissolving Tablets - 60 CT,1,10,
340,personal care,Genuine Chocolate Non Dairy Protein Shake,1,10,
341,pantry,German's Sweet Chocolate Baking Bar,1,10,
342,pantry,Ghost Shape Sugar Cookies Ready to Bake,1,10,
343,snacks,Gin Gins Ginger Chewy Candy,1,10,
344,pantry,Ginger Paste,1,10,
345,household,Ginger Yuzu Scented Dish Soap,1,10,
346,household,Glass Bottle With Dropper,1,10,
347,bakery,Glazed Chocolate Pie,1,10,
348,breakfast,Gluten Free Blueberry Breakfast Bars,1,10,
349,pantry,Gluten Free Brownie Mix,1,10,
350,snacks,Gluten Free Caramel Sauce Dessert Topping,1,10,
351,frozen,Gluten Free Chicken Tikka Masala,1,10,
352,bakery,Gluten Free Classic Sourdough,1,10,
353,pantry,Gluten Free Fudge Brownie Mix,1,10,
354,snacks,Gluten Free Lemon Goodness Cookies,1,10,
355,breakfast,Gluten Free Pancake Mix,1,10,
356,snacks,Gluten Free Peach Apricot Bars,1,10,
357,frozen,Gluten Free Pie Crusts,1,10,
358,snacks,Gluten Free Pretzel Twists,1,10,
359,dry goods pasta,Gluten Free Quinoa Linguine,1,10,
360,frozen,Gluten Free Southwest Hash Browns,1,10,
361,bakery,Gluten Free Sprouted Seed Bread,1,10,
362,bakery,Gluten Free Sub Sandwich Roll,1,10,
363,bakery,Gluten Free Whole Grain Hamburger Buns 4 Count,1,10,
364,snacks,Gluten-Free Graham Style Crackers Chocolate Grahams,1,10,
365,bakery,Gluten-Free Seeded Cinnamon-Raisin Bread,1,10,
366,dairy eggs,Goat Brie Cheese,1,10,
367,dairy eggs,Goat Cheese Pyramid,1,10,
368,other,Gold Digital Pregnancy Test,1,10,
369,bakery,Gourmet Cupcakes Filled With Sweet Vanilla Creme,1,10,
370,pantry,Gourmet Gobbler Turkey Complete Brine and Rub Kit,1,10,
371,babies,Graduates Pasta Pick-ups - Cheese & Spinach Ravioli,1,10,
372,breakfast,"Granola, Original Honey",1,10,
373,produce,Grapefruit Bag,1,10,
374,beverages,Grapefruit Sparkling Juice Beverage,1,10,
375,meat seafood,Grass Fed Ground Beef,1,10,
376,dairy eggs,Greek Corner Strawberry Lowfat Yogurt,1,10,
377,dairy eggs,Greek Non-Fat Yogurt Strawberry,1,10,
378,dairy eggs,Greek Yogurt Style Nonfat Yogurt,1,10,
379,pantry,Grill Mates Steak Rub,1,10,
380,produce,Grilled Artichoke Hearts,1,10,
381,pets,Grilled Liver & Chicken Feast in Gravy Cat Food,1,10,
382,snacks,Grooves Hot & Spicy Cheddar Crispy Cracker Chips,1,10,
383,pantry,Ground Allspice,1,10,
384,meat seafood,Ground Lamb,1,10,
385,bakery,Guerrero 10 Ct 15 Oz Fresquirica,1,10,
386,personal care,"Gum, Peppermint",1,10,
387,personal care,Gummy Vites Complete Multivitamin Gummies Dietary Supplement,1,10,
388,deli,Habanero Salsa,1,10,
389,beverages,Half Lemonade & Half Iced Tea Drink Mix,1,10,
390,snacks,Halloween Mix Bag,1,10,
391,deli,Ham & Cheddar,1,10,
392,pets,Happy Hips Lamb Strips,1,10,
393,canned goods,Harvest Best in 100% Fruit Juice Mandarin Oranges,1,10,
394,personal care,Hawkridge Body Wash,1,10,
395,missing,Hazelnut Dairy Free Almond Milk Creamer,1,10,
396,beverages,Hazelnut Light Roast K-Cup Packs Coffee,1,10,
397,personal care,Healing + Vitamin E Conditioner,1,10,
398,personal care,Healthy Clean Soft Tootbrush,1,10,
399,canned goods,Healthy Request Chicken with Mini Round Noodles Soup,1,10,
400,canned goods,Heart Healthy Minestrone Soup,1,10,
401,canned goods,Hearts Of Palm,1,10,
402,produce,Hearts Of Romaine,1,10,
403,other,Heel Balm,1,10,
404,dairy eggs,"Heirloom Brown Eggs, Cage Free",1,10,
405,personal care,Hemp Lavender Pure Castile Soap,1,10,
406,frozen,Herb Roasted Chicken Dinner,1,10,
407,personal care,Herbal Armor Insect Repellent Spray,1,10,
408,produce,Herbs Lime Leaves,1,10,
409,snacks,Hershey Chocolate Twists,1,10,
410,dairy eggs,Hershey's Chocolate Caramel Gourmet Coffee Creamer,1,10,
411,beverages,Hibiscus Berryade,1,10,
412,beverages,High Performance Energy Drink,1,10,
413,pantry,Holiday Funfetti Vanilla Frosting,1,10,
414,frozen,Home Menu Meals for 2 Sweet & Sour Chicken,1,10,
415,canned goods,Home Style Chicken Noodle Soup,1,10,
416,frozen,Home Style Meals Beef Steak & Noodles,1,10,
417,dry goods pasta,Homemade Pizza Sauce,1,10,
418,babies,Honest Diapers Eco-Friendly & Premium Diapers Size N up to 10 lb,1,10,
419,snacks,Honey BBQ Popcorn,1,10,
420,snacks,Honey BBQ Potato Chips,1,10,
421,snacks,Honey Roasted Peanuts,1,10,
422,alcohol,Hopocalypse,1,10,
423,produce,Horseradish Root,1,10,
424,snacks,Hot Dark Chocolate Topping,1,10,
425,personal care,Humectress Conditioner,1,10,
426,dry goods pasta,Hummus Made Easy Classic,1,10,
427,deli,Hummus Original,1,10,
428,other,"Ibuprofen Drops for ages 6-23 Months, White Grape Flavor",1,10,
429,frozen,Ice Cream Cake Celebration,1,10,
430,snacks,Ice Cream Cups,1,10,
431,alcohol,Imported Beer from Mexico,1,10,
432,frozen,"In a creamy sauce, topped with aged parmesan cheese Mushroom & Spring Pea Risotto",1,10,
433,dairy eggs,Indulgent Cherry & Dark Chocolate Whole Milk Greek Yogurt,1,10,
434,babies,Infant Formula Powder Single-Serve,1,10,
435,household,Instant Glue,1,10,
436,dairy eggs,Italian Blend Fancy Shredded Cheese,1,10,
437,canned goods,Italian Lentil Soup w/ Fresh Tomato,1,10,
438,frozen,Italian Style Favorites Chicken Parmesan (White Meat Chicken and Tomatoes with Mozzarella Cheese Over a Marinara Sauce) Pizza,1,10,
439,frozen,Italian Style Meatballs,1,10,
440,international,"Jalapeno Nacho Slices, Mild",1,10,
441,beverages,JavaJig Reusable Coffee Filter System,1,10,
442,alcohol,Junmai Sake,1,10,
443,snacks,Jurassic World Fruit Flavored Snacks,1,10,
444,babies,"Just Apple, Kiwi & Spinach Stage 2",1,10,
445,snacks,Kalamata Olive Crackers,1,10,
446,breakfast,Kellogg's Corn Flakes Cereal,1,10,
447,babies,Kids Very Emollient Sunscreen SPF 45,1,10,
448,pantry,Kimchi Thai,1,10,
449,personal care,L Glutamine (Free Form) 500 mg,1,10,
450,beverages,L'Orange Sparkling Natural Mineral Water,1,10,
451,beverages,Lapsang Souchong Black Tea,1,10,
452,produce,Large Greenhouse Tomato,1,10,
453,dairy eggs,Large Organic Omega3 Brown Eggs,1,10,
454,babies,Lavender & Chamomile baby Powder,1,10,
455,personal care,Lavender Deodorant Stick,1,10,
456,personal care,Lavender Moisturizing Cream Shave,1,10,
457,personal care,Leave In Conditioner And Repair Cream,1,10,
458,pantry,Legendary Smokey Mesquite Bar-B-Q Sauce,1,10,
459,beverages,Lemon Flavor Iced Tea,1,10,
460,produce,Lemon Grass,1,10,
461,pantry,Lemon Instant Pudding and Pie Filling,1,10,
462,beverages,Lemon Orange Sparking Mineral Water,1,10,
463,pantry,Lemon Poppyseed Scone Mix,1,10,
464,beverages,Lemonade With Tea,1,10,
465,dairy eggs,Light & Fit Peach Non-Fat Yogurt,1,10,
466,dairy eggs,Light Butter with Canola Oil,1,10,
467,pantry,Light Vegan Nayonaise,1,10,
468,canned goods,Light Vegetable & Noodle Soup,1,10,
469,canned goods,Lightly Smoked Sardines In Lemon Flavored Extra Virgin Olive Oil,1,10,
470,canned goods,Lightly Smoked Sardines in Olive Oil,1,10,
471,snacks,Lite Half Salt White Popcorn,1,10,
472,snacks,Little Bites Chocolate Chip Muffins,1,10,
473,babies,"Little Yums Spinach, Apple, and Kale Teething Wafers",1,10,
474,household,Living Drip-Catch Cuff Gloves,1,10,
475,dry goods pasta,Loaded Baked Potato,1,10,
476,beverages,Loose Traditional Mate,1,10,
477,household,Lotus Blossom & Lavender  Dishwashing Liquid,1,10,
478,breakfast,Love Crunch Aloha Blend Granola,1,10,
479,canned goods,Low Sodium Refried Black Beans,1,10,
480,dairy eggs,Lowfat 1% Milkfat Lactose Free Milk,1,10,
481,dairy eggs,Lowfat Vanilla Milk,1,10,
482,frozen,Macaroni & Cheese Meal,1,10,
483,personal care,Macro Greens Drink Mix,1,10,
484,bulk,Madagascar Pink Rice,1,10,
485,snacks,Made Good Chocolate Chip Granola Bars,1,10,
486,pantry,Major Grey's Chutney,1,10,
487,frozen,Manchurian Dumplings with Basmati Rice,1,10,
488,snacks,Mango Apricot Fruit Snack,1,10,
489,snacks,Mango Strawberry Granola Bar,1,10,
490,snacks,Maple Almond Protein Bar,1,10,
491,bakery,Marble Rye Bread,1,10,
492,snacks,Marble Sandwich Cookies,1,10,
493,personal care,Massage Oil Stretch Mark Box,1,10,
494,personal care,Maxi Long Super Pads,1,10,
495,international,Maya Kaimal Goan Coconut,1,10,
496,personal care,"Meal Replacement Shake, Cocoa Fudge",1,10,
497,frozen,Meatloaf,1,10,
498,pets,Meaty Ground Dinner W/Chopped Beef (PS #1211062) Wet Dog Food,1,10,
499,personal care,"Medicated Arm, Neck & Leg Patch",1,10,
500,personal care,Medicated Cooling Pads with Witch Hazel,1,10,
501,dry goods pasta,Mediterranean Quinoa & Brown Rice,1,10,
502,pantry,Medium Buffalo Wing Sauce,1,10,
503,pantry,Medium Fire Roasted Tatemada Salsa,1,10,
504,pantry,Medium Fresh Roma Roasted Salsa,1,10,
505,produce,Medium Navel Orange,1,10,
506,dairy eggs,Melanie Medleys Vegetable Cream Cheese,1,10,
507,personal care,Men Extra Strength Lotion,1,10,
508,deli,Mesquite Uncured Salame,1,10,
509,missing,Mexican Chocolate Yogurt,1,10,
510,international,Mexicana Salsa Ranchera,1,10,
511,deli,Meze Dip Three-Pepper Salsa Greek Yogurt,1,10,
512,dairy eggs,Mild  Switzerland Le Gruyere Cheese,1,10,
513,pantry,Mild Chili Seasoning Mix,1,10,
514,snacks,Milk Chocolate Covered Peanuts,1,10,
515,pets,Minced Turkey Feast in Sauce Cat Food,1,10,
516,snacks,Mini Crunch Donuts,1,10,
517,produce,Mini Cucumbers,1,10,
518,pets,Mini Dog Treats,1,10,
519,personal care,Minions Extra Soft Toothbrush Ages 5+,1,10,
520,snacks,Minis Graham Cookies,1,10,
521,frozen,Mint Chip Cup,1,10,
522,bakery,Mixed Berry English Tea Scones,1,10,
523,beverages,Mixed Berry Sparkling Water,1,10,
524,international,Mixed Sea Vegetables,1,10,
525,personal care,Moisturizing Conditioner,1,10,
526,personal care,Moisturizing Facial Wash,1,10,
527,household,Mold and Mildew Blaster Bleach & Shine,1,10,
528,frozen,Monterey Jack Jalapeno Stuffed Pretzels,1,10,
529,beverages,Montmorency Pasteurized Cherry Juice,1,10,
530,household,Morning Sun Fabric Softener,1,10,
531,personal care,Moroccan Infusion Color Care Shampoo,1,10,
532,household,Mountain Rain Liquid Laundry Detergent,1,10,
533,dairy eggs,Mozzarella Finely Shredded Shredded Cheese,1,10,
534,beverages,Mundet,1,10,
535,international,Mushroom Lo Mein Noodles,1,10,
536,deli,Naanwich Flatbread Sandwich Chicken Tikka Masala,1,10,
537,personal care,Natural Calm Magnesium Supplement Raspberry Lemon Flavor Powder,1,10,
538,pantry,Natural Creamy Peanut Butter,1,10,
539,deli,Natural Mini Pork Pepperoni,1,10,
540,breakfast,Natural Puffed Wheat Cereal,1,10,
541,beverages,Natural Pure Sparkling Water,1,10,
542,personal care,Natural Skincare for Men Body Wash,1,10,
543,pantry,Natural Vanilla Marshmallows,1,10,
544,meat seafood,Naturally Hickory Smoked Thick Cut Bacon,1,10,
545,meat seafood,Naturally Smoked Bacon,1,10,
546,personal care,Naturals Dry Scalp Shampoo,1,10,
547,personal care,Nature Vitamin C,1,10,
548,frozen,New York Style Chocolate Iced Eclairs,1,10,
549,canned goods,No Salt Wild Albacore Tuna,1,10,
550,beverages,No Sugar Added Sensible Sweets Hot Cocoa Mix,1,10,
551,dairy eggs,Non Alcoholic Vanilla Brown Sugar Coffee Creamer,1,10,
552,pantry,Non Fat Dry Milk Powder,1,10,
553,household,"Non-Aerosol Original Spray Starch Plus, Fresh Linen Scent",1,10,
554,alcohol,Non-Alcohoic Beer,1,10,
555,personal care,Non-Medicated Saline & Aloe Nasal Spray,1,10,
556,beverages,Number 5 Cold Pressed Juice,1,10,
557,snacks,Nutri-Grain Crunch Chocolatey Chip Breakfast Bars,1,10,
558,breakfast,Oat Medley Cereal,1,10,
559,bakery,Oatmeal,1,10,
560,snacks,Oatmeal & Raisin Cookies,1,10,
561,breakfast,Oats and Honey Protein Crunchy Granola,1,10,
562,snacks,Oatsnack Cookies n' Dreams,1,10,
563,dairy eggs,Off the Block Shredded Mozzarella Cheese,1,10,
564,snacks,Oktoberfest Limited Edition Pretzels,1,10,
565,pantry,Old-Fashioned Sweet Bread & Butter Chips,1,10,
566,personal care,Olive & Aloe Soap,1,10,
567,bakery,Olive Bread,1,10,
568,snacks,Olive Oil Crackers,1,10,
569,personal care,Olive Oil Nourishing Sheen Spray,1,10,
570,pantry,"Olives, Pitted Kalamata",1,10,
571,personal care,Omega-3 Great Lemon Taste!,1,10,
572,beverages,On the Go Peach Mango Green Tea Drink Mix,1,10,
573,personal care,On-the-Go Healing Ointment,1,10,
574,beverages,Orange,1,10,
575,beverages,Orange Pineapple/100% Apple/Grape  Juice Drink Variety,1,10,
576,beverages,Orange Sports Drink,1,10,
577,pantry,Organic 100% Pure Dark Amber Maple Syrup,1,10,
578,pantry,Organic All Vegetable Shortening,1,10,
579,breakfast,Organic Apple Flax Oatmeal,1,10,
580,snacks,Organic Blueberry Coconut Energy+ Bar,1,10,
581,beverages,Organic Blueberry Hibiscus Herbal Tea Bags,1,10,
582,produce,Organic Bosc Pear,1,10,
583,dry goods pasta,Organic California Brown Basmati Rice,1,10,
584,canned goods,Organic Cashew Carrot Ginger Soup,1,10,
585,pets,Organic Catnip,1,10,
586,canned goods,Organic Chicken Broth,1,10,
587,meat seafood,Organic Chicken Tenders,1,10,
588,canned goods,Organic Chili Beans Chili Jalapeno,1,10,
589,beverages,Organic Chili Ginger Lime Cleaning Probiotic Tonic,1,10,
590,pantry,Organic Chocolate Syrup,1,10,
591,breakfast,Organic Cinnamon Flax Sprouted Oat Granola,1,10,
592,pantry,Organic Cinnamon Sticks,1,10,
593,pantry,Organic Coriander Seeds,1,10,
594,personal care,Organic Cotton Tampons Super Plus Absorbancy,1,10,
595,breakfast,Organic Creamy Buckwheat Hot Cereal Gluten Free,1,10,
596,canned goods,Organic Creamy Tomato Basil Soup,1,10,
597,pantry,Organic Crunchy Salted Peanut Butter,1,10,
598,frozen,Organic Cut Spinach,1,10,
599,personal care,Organic Dark Chocolate Whey Protein,1,10,
600,frozen,Organic Dark Sweet Cherries,1,10,
601,pantry,Organic Dijon Mustard,1,10,
602,produce,Organic Dill,1,10,
603,personal care,Organic Fenugreek Non-GMO Vegetarian Capsules,1,10,
604,pantry,Organic Flax Seeds,1,10,
605,beverages,Organic Fresh Blends Coconut Juice Blend,1,10,
606,produce,Organic Gala Apple,1,10,
607,beverages,Organic Gelatinized Maca Powder,1,10,
608,pantry,Organic Ginger Syrup,1,10,
609,snacks,Organic Gluten Free Cranberry Crunch Bar,1,10,
610,snacks,Organic Green Superfood Chocolate Chip Coconut Bar,1,10,
611,snacks,Organic Gummy Worms,1,10,
612,personal care,Organic Hemp Rose Pure Castille Bar Soap,1,10,
613,beverages,"Organic Herbal Coffee Alternative Dark French Roast,",1,10,
614,personal care,Organic Herbalozenge Lemon Honey Soother with Zinc & Vitamin C - 18 CT,1,10,
615,pantry,Organic Herbamare Herb Seasoning Salt,1,10,
616,breakfast,Organic Heritage Flakes Cereal,1,10,
617,pantry,Organic Honey Bear Bottle,1,10,
618,beverages,Organic Honey Green Tea Drink,1,10,
619,frozen,Organic Ice Cream Vanilla Bean,1,10,
620,breakfast,Organic Instant Oatmeal Light Maple Brown Sugar,1,10,
621,pantry,Organic Italian Seasoning,1,10,
622,produce,Organic Leeks,1,10,
623,snacks,Organic Lemon Pie Sprouted Cookies,1,10,
624,beverages,Organic Low Sodium Super Veggie Juice,1,10,
625,dairy eggs,Organic Lowfat Chocolate Milk,1,10,
626,babies,Organic Mashups Mixed Berry,1,10,
627,snacks,Organic Mini Sandwich Crackers Peanut Butter,1,10,
628,bakery,Organic Multigrain with Flax English Muffins,1,10,
629,produce,Organic Mustard Greens,1,10,
630,missing,Organic Nondairy Lemon Cashew Yogurt,1,10,
631,dry goods pasta,Organic Original Rice Pilaf,1,10,
632,dry goods pasta,Organic Peace Pasta & Parmesan Macaroni & Cheese,1,10,
633,pantry,Organic Peanut Powder Original,1,10,
634,beverages,Organic Peppermint Herbal Tea,1,10,
635,frozen,Organic Pineapple,1,10,
636,produce,"Organic Pineapple, Apple & Pea Freeze Dried Snacks",1,10,
637,pantry,Organic Pork Chop Seasoning,1,10,
638,canned goods,Organic Potato Quinoa & Spinach Soup,1,10,
639,canned goods,Organic Premium Tomato Paste,1,10,
640,breakfast,Organic Quick Oven Toasted Oats,1,10,
641,produce,Organic Radish Sprouts,1,10,
642,snacks,Organic Roasted Seaweed Wasabi Snack,1,10,
643,produce,Organic Romaine Heart,1,10,
644,snacks,Organic Sandwich Crackers Peanut Butter,1,10,
645,beverages,Organic Sensible Sipper Apple Juice,1,10,
646,dairy eggs,Organic Shredded Mozzarella,1,10,
647,bakery,Organic Sliced Fremont Sour White,1,10,
648,snacks,Organic Sriracha Seaweed,1,10,
649,babies,Organic Stage 2 Pears Baby Food,1,10,
650,beverages,Organic Summer Pear Caffeine Free Soda,1,10,
651,produce,Organic Sweet Pea Sprouts,1,10,
652,snacks,Organic Sweetened Dried Cranberries,1,10,
653,snacks,Organic Tamari With Seaweed Rice Cake,1,10,
654,produce,Organic Tomato,1,10,
655,deli,Organic Tomato Bisque,1,10,
656,beverages,Organic Unsweet Lemon Tea,1,10,
657,dairy eggs,Organic Vanilla Soymilk,1,10,
658,dairy eggs,Organic Vanilla Whole Milk Yogurt,1,10,
659,snacks,Organic Vitality Snack Chia Squeeze Strawberry Banana,1,10,
660,pantry,Organic White Peppercorns,1,10,
661,dry goods pasta,Organic Whole Grain Germinated Brown Rice,1,10,
662,babies,Organic Whole Grain Mixed Grain Cereal Apple Sweet Potato,1,10,
663,pantry,Organic Whole Greek Olive Mix,1,10,
664,dry goods pasta,Organico Bello Marinara Pasta Sauce,1,10,
665,personal care,Organics Hawaiian Coconut Milk Facial Wash,1,10,
666,pets,Organix Chicken & Rice Dry Cat Food,1,10,
667,beverages,Original Blend Medium Roast Ground Coffee,1,10,
668,dairy eggs,Original Cheese Sauce,1,10,
669,dairy eggs,Original Chocolate Vanilla Swirls Pudding,1,10,
670,pets,Original Choice Dry Cat Food,1,10,
671,personal care,Original Clean Anti-Perspirant Deodorant,1,10,
672,personal care,Original Flavor Manuka Honey with Propolis Lozenges,1,10,
673,pantry,Original Hot Sauce,1,10,
674,other,Original Liquid Coffee Creamer,1,10,
675,snacks,Original Popcorn,1,10,
676,snacks,Original Potato Popped Chip Snack,1,10,
677,personal care,Original Regular Pantiliners,1,10,
678,bakery,Original Round Sweet Bread,1,10,
679,pantry,Original Steak & Chop Marinade,1,10,
680,pantry,Original Stone Ground Mustard,1,10,
681,frozen,Original Thin Bacon Cheeseburger Pizza,1,10,
682,frozen,Original Veggie Breakfast Sausage Patties,1,10,
683,international,Original Wasabi Sauce,1,10,
684,alcohol,Original Whiskey,1,10,
685,household,Outdoor Bug Light 60 Watt Light Bulbs,1,10,
686,missing,Oven Baked Original Potato Crisps,1,10,
687,deli,Oven Roasted Deli Thin-Sliced Turkey Breast,1,10,
688,household,Oxygen Bleach Plus,1,10,
689,personal care,Pain Relief Ointment,1,10,
690,bakery,Paleo English Muffins,1,10,
691,dairy eggs,Palmetto Cheese Original,1,10,
692,missing,Paper Towels 2x More Absorbent White,1,10,
693,pantry,Parchment Baking Paper,1,10,
694,pantry,Parmesan Ranch Dressing + Dip,1,10,
695,pantry,Parmesan and Roasted Garlic Dressing,1,10,
696,dairy eggs,Part-Skim Mozzarella Cheese,1,10,
697,beverages,Passion Fruit Flavored Fruit Juice Cocktail Blend,1,10,
698,dry goods pasta,"Pasta & Enchilada Sauce, Organic, 7 Veggie",1,10,
699,frozen,"Pasta 'n Sauce, Elmo, Organic, with Carrots & Broccoli, 123 Sesame Street",1,10,
700,frozen,Pasta with Swedish Meatballs Tasty American Favorites,1,10,
701,snacks,Peanut Butter Chocolate Chip Meal Bar,1,10,
702,snacks,Peanut Butter Crunch,1,10,
703,frozen,Peanut Butter Pie Frozen Custard,1,10,
704,frozen,Peanut Butter Pie Ice Cream,1,10,
705,dry goods pasta,Pearl Barley,1,10,
706,babies,Peas Baby 2nd Foods,1,10,
707,missing,Peeps Oreo Limited Edition With Marshmallow Peeps Flavored Creme Sandwich Cookies,1,10,
708,dry goods pasta,Penne,1,10,
709,dairy eggs,Peppermint Mocha Liquid Coffee Creamer,1,10,
710,snacks,Peppermint Patties Minis King Size,1,10,
711,meat seafood,Pepperoni Chub,1,10,
712,frozen,Pepperoni Pizza Bites,1,10,
713,household,Perfect Cube Trays For Classic Cocktails,1,10,
714,personal care,Performance Protein Vanilla Powder,1,10,
715,frozen,Pet-Ritz Regular Pie Crusts,1,10,
716,dairy eggs,Petite Creme Vive la Vanilla Organic Dairy Snack,1,10,
717,frozen,Petite Peas with Pearl Onions,1,10,
718,snacks,Philippine Grown Dried Mango,1,10,
719,personal care,Phosphorus 30 C,1,10,
720,other,Pierogi Potato & Cheese,1,10,
721,pets,Pig Ears Dog Treats,1,10,
722,pantry,Pimento Stuffed Manzanilla Olives,1,10,
723,snacks,Pine Nuts Natural Unsalted,1,10,
724,beverages,Pineapple Coconut Water 100% Juice,1,10,
725,beverages,Pineapple Juice,1,10,
726,frozen,Pineapple Yogurt Bars,1,10,
727,alcohol,"Pinot Grigio, DOC Trentino, 2009",1,10,
728,snacks,Pirouette Chocolate Hazelnut Creme Filled Wafers,1,10,
729,international,Pizza Bagels,1,10,
730,frozen,"Pizza, Margherita, Rice Crust",1,10,
731,personal care,Plain Flavor Probiotic Acidophilus,1,10,
732,missing,Plain Organic Kale Krunch,1,10,
733,household,PlugIns Scented Oil Refill - Lavender & Peach Blossom,1,10,
734,personal care,Plus Pain Relief Maximum Strength First aid Antibiotic Cream,1,10,
735,beverages,PlusShot Blueberry Acai Probiotic Juice Drink,1,10,
736,personal care,Pore Minimizing Red Clay Mask For All Skin Types,1,10,
737,dry goods pasta,Port & Porcini Mushroom Tortelloni,1,10,
738,snacks,Potato Chips Kettle Cooked Waffle Cut Barbeque Ranch,1,10,
739,pets,Poultry & Beef Feast Variety  Cat Food,1,10,
740,bakery,Powdered Donut Holes,1,10,
741,frozen,Praline Crunch Frozen Dessert,1,10,
742,personal care,Prefilled Applicator Vaginal Antifungal Ointment,1,10,
743,beverages,Premium Double Chocolate Hot Cocoa,1,10,
744,beverages,Premium Iced Tea,1,10,
745,meat seafood,Premium Jumbo Lump Crab Meat,1,10,
746,beverages,Premium Lots of Pulp Orange Juice,1,10,
747,frozen,Premium Organic Cut Green Beans,1,10,
748,beverages,Premium Roast K Cup,1,10,
749,frozen,Pretzel Bread Grilled Chicken with Jalapeno Cheddar Sandwiches,1,10,
750,dairy eggs,Private Stock Cheese Classic Vermont Cheddar,1,10,
751,personal care,"Pro Health Complete Crest Pro-Health Advanced Mouthwash with Extra Deep Clean, Clean Mint flavor 500 ML Oral Rinse",1,10,
752,personal care,Pro Health Stages Crest PH Stages - Doc McStuffins Kids Fruit Burst Toothpaste 4.2 oz  Dentifrice,1,10,
753,personal care,Pro-Health All-In-One Soft Toothbrush Twin Pack,1,10,
754,pets,ProActive Health Sensitive Stomach with Chicken  Cat Food,1,10,
755,pets,ProActive Health Smart Puppy Dog Food,1,10,
756,pets,Proactive Health Lively Senior Cat Food,1,10,
757,personal care,"Probiotic, Strong, Capsule",1,10,
758,snacks,Protein And Fiber Chocolate Almond Coconut Bar,1,10,
759,dry goods pasta,Protein Mac Mild Cheddar  Macaroni & Cheese,1,10,
760,pets,Pull 'n Play Cat Treat Play Pack,1,10,
761,babies,Pull鈥慤ps Learning Designs Boys Size 2T-3T Training Pants Disney Pixar,1,10,
762,pantry,Pumpkin Spice Limited Edition Breakfast Biscuits,1,10,
763,beverages,Pure Aloe Cold Pressed With Lemon,1,10,
764,pantry,Pure Demerara Cane Sugar,1,10,
765,dairy eggs,Pure Goat Milk Cheese Log,1,10,
766,pantry,Pure Honey,1,10,
767,household,Quantum 9 V,1,10,
768,household,Quantum Power Gel Dishwasher Detergent,1,10,
769,household,Quart Storage Bags,1,10,
770,pantry,Queso Blanco Medium Dip,1,10,
771,dry goods pasta,"Quinoa, Toasted Sesame Ginger",1,10,
772,beverages,RX Stress Herbal Iced Tea,1,10,
773,produce,Rainier Cherries,1,10,
774,bakery,Raisin Snail Pastries,1,10,
775,international,Ramen Cup Noodles Soup With Shrimp,1,10,
776,missing,Ramen Noodle Soup Sriracha Chicken Flavor,1,10,
777,dairy eggs,Raspberry Oikos Greek Yogurt,1,10,
778,pantry,Raspberry Vinaigrette with Poppyseed Dressing,1,10,
779,personal care,Raw Reserve Green Superfood,1,10,
780,pantry,Raw Wild Natural Honey,1,10,
781,produce,Ready Snax Apples  & Cheese with Caramel Dip,1,10,
782,produce,Ready Snax Veggie & Cheese With Ranch Dip,1,10,
783,canned goods,Ready to Eat Tuna Salad Original Deli Style,1,10,
784,pantry,Red Balsamic Vinegar,1,10,
785,produce,Red Bell Pepper,1,10,
786,canned goods,Red Curry Paste,1,10,
787,canned goods,Red Grapefruit in Extra Light Syrup,1,10,
788,pantry,Red Raspberry Preserves,1,10,
789,bakery,"Red, White & Blue Pop'ems",1,10,
790,snacks,Reduced Fat Chocolate Sandwich Cookies,1,10,
791,personal care,Refreshing Facial Cleansing Towelettes Citrus/Cucumber,1,10,
792,canned goods,Refried Beans,1,10,
793,dairy eggs,Regular Egg Nog,1,10,
794,other,Regular Nail Polish Remover,1,10,
795,household,Renewable BPA-Free Compostable Assorted Cutlery,1,10,
796,personal care,Repair & Protect Toothpaste for Sensitive Teeth,1,10,
797,pantry,Restaurant Style Medium Salsa,1,10,
798,dairy eggs,Rice & Quinoa Drink Organic Original Unsweetened,1,10,
799,breakfast,Rice Crunch-Ems Cereal,1,10,
800,international,"Rice, Thai Fried",1,10,
801,alcohol,Riesling Central Coast,1,10,
802,snacks,Ritz Crackerfuls Classic Cheddar Filled Crackers,1,10,
803,dry goods pasta,Roasted Garlic Mashed Potates,1,10,
804,dry goods pasta,Robusto! Sauteed Onion & Garlic Pasta Sauce,1,10,
805,personal care,Rose & Chamomile Body Lotion,1,10,
806,pantry,Rough Cut Sugar Cubes Demerara,1,10,
807,other,Rubber Bands,1,10,
808,snacks,S'mores Luna Bar,1,10,
809,breakfast,Safari Animals Strawberry Instant Oatmeal,1,10,
810,household,Sage Citrus Dish It Out Dish Liquid,1,10,
811,pantry,"Salsa, Fire Roasted, Chipotle, Medium",1,10,
812,pantry,Salt Free Garlic & Herb Seasoning,1,10,
813,snacks,Salted Caramel,1,10,
814,snacks,Salted Caramel Cashew Gluten Free Soft Baked Cookies,1,10,
815,dairy eggs,Salted Tub of Butter,1,10,
816,personal care,Sambucus Immune Syrup,1,10,
817,snacks,"Sandwich Cookies, Peanut Butter Cup",1,10,
818,pantry,Santa Maria Seasoning,1,10,
819,canned goods,Sardines in Pure Spring Water,1,10,
820,international,Sauce for Broccoli Beef,1,10,
821,pantry,Saucy Ginger Mandarin Dressing,1,10,
822,pets,Sausage Cuts Real Beef Treats,1,10,
823,frozen,"Sausage, Egg, & Cheese Croissant",1,10,
824,alcohol,"Sauvignon Blanc, Mendocino, 2007",1,10,
825,bakery,School Safe Chocolate Chip Cookie Bars,1,10,
826,snacks,Scooby-Doo! Baked Honey Sticks Graham Crackers,1,10,
827,snacks,Sea Salt & Cracked Pepper Deli Style pretzel Crisps,1,10,
828,snacks,Sea Salt Garden Veggie Chips,1,10,
829,international,Seaweed Ramen,1,10,
830,bakery,Seedless Jewish Rye Bread,1,10,
831,dairy eggs,Select Vitamin D Milk,1,10,
832,personal care,Sensitive Daily Moisturizing Cream,1,10,
833,personal care,Sensitive Fragrance Free Anti-Itch Lotion,1,10,
834,snacks,Sesame Crackers,1,10,
835,beverages,Shade Grown Ground Coffee,1,10,
836,personal care,"Shampoo, Green Apple & Ginger",1,10,
837,dairy eggs,Sheep Milk Original Plain Kefir,1,10,
838,personal care,Sheer Moisture Lip Tint - Adorn,1,10,
839,pantry,Sherry Wine Vinegar,1,10,
840,personal care,Shower Fresh Antiperspirant & Deoderant,1,10,
841,dairy eggs,Shredded Parmesan Cheese,1,10,
842,produce,Shredded Smokey Barbecue Beets,1,10,
843,pantry,Shrimp & Seafood Sauce,1,10,
844,pantry,Signature Lemon Supreme Cake Mix,1,10,
845,international,Simmer Sauce Medium Rogan Josh Curry,1,10,
846,deli,Simply Delicious Black Forest Ham,1,10,
847,frozen,Simply Smart Lightly Breaded Chicken Filets,1,10,
848,personal care,Sinex Vapospray,1,10,
849,frozen,"Skillet Meal for Two, Chicken Florentine & Farfalle",1,10,
850,personal care,Skin Clearing Acne Wash Oil-Free Men,1,10,
851,personal care,Skin Food,1,10,
852,household,Sleep Serenity Bedroom Mist Quiet Jasmine,1,10,
853,canned goods,Sliced Fancy French Style Green Beans,1,10,
854,deli,Sliced Soppressata Salame,1,10,
855,canned goods,Sliced Yellow Cling Peach Slices in 100% Real Fruit Juice,1,10,
856,household,Slider Quart Storage Bags,1,10,
857,frozen,Slow Churned Light Chocolate Ice Cream,1,10,
858,frozen,Slow Churned the Original Rocky Road,1,10,
859,household,Small Compostable Waste Bag,1,10,
860,pets,Small Dog Biscuits,1,10,
861,personal care,Small and Medium Clear Nasal Strips,1,10,
862,missing,Smart Mix Variety Pack,1,10,
863,personal care,Smart Relief TENS Therapy Back Pain Starter Kit,1,10,
864,snacks,Smoked Gouda Potato Chips,1,10,
865,deli,Smoked Shaved White Turkey,1,10,
866,meat seafood,Smoked Wild Keta Peppered Salmon,1,10,
867,pantry,Smokehouse Cheddar & Bacon Cold Dip & Appetizer Mix,1,10,
868,pantry,Smoky Medium Roasted Salsa,1,10,
869,household,Snack Bags,1,10,
870,snacks,Snack Mix Bold Party Blend Value Size,1,10,
871,personal care,Soap Bark & Chamomile Deep Cleansing Cream,1,10,
872,snacks,Soft & Chewy Sour Then Sweet Watermelon Candy,1,10,
873,international,Soft & Crunchy Brown Rice Cracker Seaweed Roll,1,10,
874,household,Soft White 60 Watts Halogen Bulb,1,10,
875,canned goods,Solid White Tuna,1,10,
876,alcohol,Sonoma Brut Sparkling Wine,1,10,
877,personal care,"Sore Throat, Sprayer, Menthol",1,10,
878,canned goods,"Soup! Mix, Baked Burgundy French Onion",1,10,
879,canned goods,Souper 6-Pack Shrimp Flavor Ramen Noodle Soup,1,10,
880,snacks,Sour Patch Kids Gummy Candy,1,10,
881,bakery,Sourdough Rye Bread,1,10,
882,frozen,Southwest Vegetables With Ranchero Sauce,1,10,
883,deli,Southwest Veggie Burger,1,10,
884,snacks,Spanish Redskin with Sea Salt Peanuts,1,10,
885,beverages,Sparkling Lemon Ice Tea,1,10,
886,beverages,Sparkling Peach Nectarine Soda,1,10,
887,breakfast,Special K Fruit & Yogurt Cereal,1,10,
888,breakfast,Special K Oats & Honey Cereal,1,10,
889,breakfast,Special K Vanilla Cappuccino Protein Breakfast Shakes,1,10,
890,frozen,"Specialty, Strawberry + Hibiscus Tea Brewed Bars",1,10,
891,international,Spicy Mongolian Noodle Bowl,1,10,
892,personal care,Spiffy Sculpting Pomade,1,10,
893,bakery,Spinach Wraps,1,10,
894,missing,Spirited Prints Full Sheet Regular Roll Paper Towels with Thirst Pockets,1,10,
895,dry goods pasta,Split Green Peas,1,10,
896,personal care,Sport Performance Coolzone SPF 30 Sunscreen,1,10,
897,personal care,Spray & Go Aloe Fresh Moisturizer,1,10,
898,dairy eggs,Spreadable W/Canola Oil Butter,1,10,
899,bakery,Sprouted Grain Low Sodium Bread,1,10,
900,household,Squared Plastic Bowl 20 Ounce,1,10,
901,snacks,Sriracha Flavor Tortilla Chips,1,10,
902,babies,Stage 1 Apple Spinach Rutabagas Organic Pureed Baby Food,1,10,
903,frozen,Steamers Broccoli & Cheese Sauce,1,10,
904,alcohol,Stella Rosa Moscato D'Asti,1,10,
905,snacks,Sticks Candy Bar,1,10,
906,snacks,Stix Crispy Seaweed Strips Wasabi,1,10,
907,alcohol,Stone Go To IPA,1,10,
908,personal care,Stool Softener Capsules,1,10,
909,dry goods pasta,Stove Top Stuffing Mix For Chicken,1,10,
910,dairy eggs,Strawberry Banana Coconut Milk Yogurt,1,10,
911,beverages,Strawberry Banana Flavored 4 Juice Smoothie Blend,1,10,
912,snacks,Strawberry Cheesecake Protein Bar,1,10,
913,snacks,Strawberry Gummy Candy,1,10,
914,dairy eggs,Strawberry Kefir,1,10,
915,beverages,Strawberry Lemonade Unsweetened Soft Drink Mix,1,10,
916,personal care,Strawberry Probiotic Dairy Drink,1,10,
917,snacks,Strawberry Yogurt Nutrition Bar,1,10,
918,dairy eggs,Stringles Organic Colby Jack Cheese,1,10,
919,pantry,Sugar Free  Classic Caramel Flavoring Syrup,1,10,
920,pantry,Sugar Free Lime Gelatin Dessert,1,10,
921,beverages,Sumatra Dark Roast K-Cups,1,10,
922,snacks,Summer Strawberry Fruit Strip,1,10,
923,dry goods pasta,Sun Dried Tomato Sauce,1,10,
924,personal care,"Sunscreen, Pure Lavender, Broad Spectrum SPF 45",1,10,
925,personal care,Super Daily D3 4000 IU Vitamin D Drops,1,10,
926,household,"Super Glue, Gel, Blister Pack",1,10,
927,personal care,Super Hold Unscented Shaping Hair Spray,1,10,
928,pantry,Super Moist Devil's Food Cake Mix,1,10,
929,household,Super Saver Halogen 43 Watts Soft White Light Bulbs,1,10,
930,babies,Super Sensitive No Fragrance Hair Conditioner,1,10,
931,personal care,Super Shiny Mango Shampoo,1,10,
932,dry goods pasta,Superfood Pesto Sauce,1,10,
933,snacks,Sweet & Salty Popcorn Crisps,1,10,
934,pantry,Sweet Basil Leaf Flakes,1,10,
935,pantry,Sweet Gherkin Pickles,1,10,
936,produce,Sweet Kale Salad Mix,1,10,
937,snacks,Sweet Mint Gum,1,10,
938,snacks,Sweet Potato Pie Chewy Fruit and Vegetable Snack,1,10,
939,dry goods pasta,"Sweet Potato, Quinoa, & Kale Ravioli",1,10,
940,frozen,Sweet Potatoes,1,10,
941,frozen,Sweet Potatoes Fries,1,10,
942,babies,Sweet Potatoes Stage 2,1,10,
943,beverages,Sweet Tangerine Positive Energy Tea,1,10,
944,frozen,Sweet and Tangy Barbecue Wings,1,10,
945,snacks,Swiss Milk Chocolate Candy,1,10,
946,personal care,Syrup Day Time Cold & Cough Cherry 4oz,1,10,
947,international,Taco Seasoning,1,10,
948,household,Tall Kitchen Drawstring 13-Gallon Trash Bags,1,10,
949,snacks,Tamari Seaweed Brown Rice Snaps,1,10,
950,dairy eggs,Tapioca Pudding Cups,1,10,
951,deli,Taramosalata,1,10,
952,babies,Tea Tree & Lavender Shampoo & Body Wash,1,10,
953,personal care,"Tea Tree Oil Mouthwash, with Essential Oil of Spearmint",1,10,
954,beverages,Tea Variety Pack,1,10,
955,pets,Tender Centers Salmon & White Meat Chicken Flavors Dry Cat Food,1,10,
956,snacks,Teriyaki Beef Jerky Protein On-the-Go,1,10,
957,dry goods pasta,Teriyaki Noodle Bowl,1,10,
958,beverages,The Amazing Prune Light Prune Juice Cocktail,1,10,
959,frozen,The Original Firecracker Ice Pop,1,10,
960,snacks,The Pounder Pretzel Snaps,1,10,
961,personal care,Thick & Full Biotin & Collagen Conditioner,1,10,
962,frozen,Thin Crust Spinach And Mushroom Pizza,1,10,
963,international,Thin Salted Matzos,1,10,
964,pantry,Thousand Island Salad Dressing,1,10,
965,snacks,Three Cheese Pretzel Thins,1,10,
966,pets,Tidy Cats 24/7 Performance Cat Litter,1,10,
967,household,To Go Snack Containers & Lids,1,10,
968,snacks,Toasted Coconut Caramel Artisan Popcorn,1,10,
969,snacks,Toasted Sesame Water Crackers,1,10,
970,babies,Toddler Formula Iron Fortified Dairy Powder,1,10,
971,international,TofuPlus Black Soybean Organic Firm Tofu,1,10,
972,household,Toilet Enzyme Cleaner,1,10,
973,household,Toilet Paper Double Rolls,1,10,
974,pantry,Toll House Peanut Butter & Milk Chocolate Morsels,1,10,
975,dry goods pasta,Tomato & Fresh Basil Sauce,1,10,
976,pantry,Tomato Balsamic Vinegar Ketchup,1,10,
977,bakery,Tomato GemWraps,1,10,
978,dry goods pasta,"Tomato Pesto, Sun-Dried",1,10,
979,personal care,Tooth Flossers,1,10,
980,bakery,Top Sliced Hot Dog Buns,1,10,
981,snacks,Tortilla Chips with Salt,1,10,
982,personal care,Total Advanced Whitening Toothpaste,1,10,
983,household,Touch Y-Peeler,1,10,
984,beverages,Traditional Medicinals Cold Care Seasonal Sampler,1,10,
985,dairy eggs,Traditional Non-Alcoholic Egg Nog,1,10,
986,personal care,Triple Action Fresh Mint Fluoride Free Toothpaste,1,10,
987,household,Triple-Acting Stain Remover Liquid Refill Pre-Spotter,1,10,
988,snacks,Triscuit Reduced Fat Crackers,1,10,
989,dairy eggs,Trix Strawberry Punch Low Fat Yogurt,1,10,
990,pets,Turkey & Sweet Potato Dog Treats,1,10,
991,meat seafood,Turkey Bacon,1,10,
992,snacks,"Turkey Bar, Almond + Cranberry",1,10,
993,deli,Turkey Cotto Salami,1,10,
994,meat seafood,Turkey Thighs,1,10,
995,produce,Turnip,1,10,
996,produce,Tuscan Kale,1,10,
997,personal care,Two Extra Hold Aerosol Hair Spray,1,10,
998,personal care,U Ultra Overnight With Wings Pads,1,10,
999,international,Udon Soup Bowl,1,10,
1000,personal care,Ultimate Absorbency Regular Length,1,10,
1001,personal care,Ultimate Flora Ultra Potent 100 Billion 12 GPS Probiotic Vegetable Capsules,1,10,
1002,other,Ultimate Intensive Healing Hand Cream,1,10,
1003,household,Ultra Fresh Living GLoves,1,10,
1004,breakfast,Ultra Protein Power Crunch Peanut Butter N' Honey Granola,1,10,
1005,personal care,"Ultra-Calming Foaming Cleanser, Fragrance Free",1,10,
1006,dairy eggs,Ultra-Filtered Whole Milk,1,10,
1007,frozen,Uncrustables Reduced Sugar Peanut Butter & Grape Soft Bread Sandwiches,1,10,
1008,breakfast,Unfrosted Buncha Blueberries Toaster Pastries 6 Count,1,10,
1009,frozen,Uniquely Creamy French Vanilla Frozen Yogurt,1,10,
1010,babies,Unscented Baby Wipes,1,10,
1011,household,Unscented Disposable Dusters Refills,1,10,
1012,beverages,Unsweet Cherry Sparkling Water,1,10,
1013,beverages,Unsweetened All Natural Black Coffee,1,10,
1014,dairy eggs,"Unsweetened Flax, Rice, Hemp Milk",1,10,
1015,beverages,Unsweetened Vanilla,1,10,
1016,snacks,Unwrapped Bites,1,10,
1017,beverages,V-Fusion +Energy Orange Pineapple Juice,1,10,
1018,beverages,V8 Vegetable Juice Spicy Hot,1,10,
1019,snacks,Vamp Kale Chips,1,10,
1020,beverages,Vanilla Chai Tea Latte,1,10,
1021,snacks,Vanilla Cupcake Goldfish Graham Crackers,1,10,
1022,dairy eggs,Vanilla Hempmilk,1,10,
1023,snacks,Vanilla Honey Graham Crunchy Cookies,1,10,
1024,frozen,Vanilla Milk Chocolate Almond Ice Cream Bar,1,10,
1025,beverages,Vanilla Mocha Frappuccino,1,10,
1026,dairy eggs,Vanilla Organic Coconut Milk Yogurt,1,10,
1027,pantry,Vanilla Pudding & Pie Filling,1,10,
1028,beverages,Vanilla Syrup,1,10,
1029,snacks,Vanilla Yougurt with Snickers Pieces,1,10,
1030,personal care,Vaporizing Decongestant Vicks VapoRub Cough Suppressant Topical Analgesic Ointment 3.53 oz Respiratory Care,1,10,
1031,frozen,Variety Minis with Dark Chocolate Ice Cream Bars,1,10,
1032,pantry,Vegan Honey Mustard Dressing,1,10,
1033,canned goods,Vegetable Classics Green Split Pea Soup,1,10,
1034,deli,Vegetable Combo Sp,1,10,
1035,pantry,Vegetarian Chili Seasoning,1,10,
1036,babies,Veggies Peas Carrots & Beets Baby Food,1,10,
1037,pantry,Vermouth Tipsy Onions,1,10,
1038,beverages,Very Berry Flavor Sparking Mineral Water,1,10,
1039,personal care,Very Emollient Sunscreen Lip Care Hypoallergenic SPF 25,1,10,
1040,beverages,Via Italian Roast Decaf Coffee,1,10,
1041,alcohol,Vieille Provision Saison Dupont Unfiltered Belgian Farmhouse Ale,1,10,
1042,international,"Vinegar, Balsamic, of Modena",1,10,
1043,beverages,VitaSea Juice,1,10,
1044,personal care,Vitacraves Multivitamin Supplement Gummies for Adults,1,10,
1045,personal care,Vitacraves Multivitamin Supplement Gummies for Women,1,10,
1046,beverages,Wake Up Roast Medium Coffee,1,10,
1047,breakfast,Warm & Crunchy Cranberry Almond Granola,1,10,
1048,international,Wasabi Crunchy Chickpeas,1,10,
1049,snacks,"Water Enhancer, Stevia, Strawberry Kiwi",1,10,
1050,household,WetJet with Dawn Cleaner Solution Refill,1,10,
1051,personal care,Whipped Cocoa Butter Soap,1,10,
1052,canned goods,White Corn Canned,1,10,
1053,household,White Foil,1,10,
1054,household,White Grapefruit Dish Soap,1,10,
1055,babies,White Hot庐 Safety Spoons,1,10,
1056,snacks,White Spearmint Sugar-Free Gum,1,10,
1057,personal care,Whitening Plus Scope Crest Complete Whitening + Scope Multi-Benefit Minty Fresh Striped Toothpaste 12.4oz Twin Pack  Dentifrice,1,10,
1058,bakery,"Whole  8\"" Sweet Potato Pie",1,10,
1059,produce,Whole Cantaloupe,1,10,
1060,frozen,Whole Frozen Strawberries,1,10,
1061,dairy eggs,Whole Milk Plain Kefir,1,10,
1062,dairy eggs,"Whole Milk, Vitamin D, Jug",1,10,
1063,frozen,Whole Strawberries,1,10,
1064,bakery,Whole Wheat Challah,1,10,
1065,bakery,Whole Wheat Flour Tortilla,1,10,
1066,bakery,Whole Wheat Walnut Bread,1,10,
1067,dry goods pasta,Wide Egg Noodles,1,10,
1068,household,Wide Ruled Notebook Paper,1,10,
1069,snacks,Wild Berry Mix Nuts Seeds And Berries,1,10,
1070,personal care,Wild Cherry Throat Drops,1,10,
1071,canned goods,"Wild Pink Salmon, No Salt Added",1,10,
1072,beverages,Wild Raspberry Hibiscus Caffiene Free Herbal Tea Bags,1,10,
1073,produce,Wild Wonders Gourmet Medley Tomatoes,1,10,
1074,babies,Wipes,1,10,
1075,beverages,With Pineapple Pulp Free Orange Juice,1,10,
1076,household,XL Sandwich Bags,1,10,
1077,personal care,Xtreme Defense 5 Fresh Blast Gel Anti-Perspirant & Deodorant,1,10,
1078,household,Yahrzeit Memorial Candle,1,10,
1079,missing,Yakisoba Teriyaki Chicken Flavor Noodles,1,10,
1080,babies,Yellow Rice & Chicken with Vegetables in Sauce with Green Beans & Carrots,1,10,
1081,beverages,"Yerba Mate, Unsmoked Green Energy",1,10,
1082,dairy eggs,YoKids Strawberry Banana Organic Lowfat Yogurt,1,10,
1083,dairy eggs,Yogurt Cheese with Probiotic,1,10,
1084,dairy eggs,"Yogurt Cheese, Spreadable, Mediterranean Style, Lite",1,10,
1085,other,Yogurt Covered Almonds,1,10,
1086,dairy eggs,Yokids Squeeze Strawberry Yogurt,1,10,
1087,beverages,Zero Calorie Iced Green Tea Raspberry,1,10,
1088,beverages,Zero Coke Soda Mini Bottles,1,10,
1089,household,Zero Dish Soap Fragrance Free,1,10,
