SCRM618949789,
www,
why,
SCRM230174310,
SCRM294338018,
SCRM329915891,
SCRM618949789,
www,
why,
SCRM230174310,
SCRM329915891,
SCRM294338018,
SCRM618949789,
www,
SCRM230174310,
why,
SCRM294338018,
SCRM329915891,
SCRM618949789,
www,
why,
SCRM230174310,
SCRM329915891,
SCRM294338018,
68,
69,
7,
65,
66,
67,
73,
74,
75,
76,
70,
71,
72,
37,
90,
38,
91,
39,
92,
48,
49,
5,
22,
23,
24,
57,
58,
59,
34,
88,
35,
89,
9,
2,
20,
21,
52,
53,
54,
55,
56,
50,
51,
96,
97,
98,
31,
99,
45,
32,
36,
33,
46,
47,
93,
94,
95,
42,
43,
44,
28,
29,
82,
83,
84,
3,
30,
4,
40,
41,
85,
86,
25,
26,
27,
87,
8,
80,
81,
6,
60,
77,
61,
78,
79,
62,
63,
64,
14,
15,
16,
17,
18,
19,
1,
10,
100,
11,
12,
13,
www,
why,
68,
69,
7,
37,
65,
38,
66,
39,
67,
73,
90,
70,
4,
74,
91,
40,
22,
41,
75,
92,
71,
76,
34,
23,
72,
24,
35,
2,
36,
14,
88,
20,
11,
15,
89,
21,
16,
31,
9,
12,
32,
13,
17,
33,
28,
18,
29,
19,
1,
48,
96,
10,
49,
25,
3,
97,
26,
30,
100,
5,
27,
98,
99,
45,
52,
42,
46,
93,
43,
53,
82,
47,
94,
44,
83,
50,
95,
84,
51,
85,
8,
77,
80,
86,
78,
81,
87,
79,
6,
62,
60,
63,
61,
64,
57,
54,
58,
55,
59,
56,
www,
why,
68,
69,
7,
65,
66,
37,
67,
38,
39,
22,
23,
24,
4,
90,
40,
91,
41,
92,
2,
73,
20,
82,
21,
88,
34,
83,
89,
35,
84,
9,
28,
29,
85,
3,
86,
96,
87,
30,
97,
6,
60,
25,
8,
98,
61,
80,
26,
99,
81,
27,
93,
77,
94,
70,
95,
62,
14,
63,
15,
71,
36,
16,
64,
72,
48,
74,
31,
75,
49,
76,
32,
5,
33,
11,
12,
52,
13,
45,
53,
57,
46,
50,
1,
42,
78,
10,
47,
79,
54,
55,
56,
100,
17,
18,
19,
51,
43,
44,
58,
59,
www,
why,
68,
69,
7,
65,
66,
67,
73,
74,
75,
76,
70,
71,
72,
6,
60,
61,
62,
63,
64,
57,
58,
59,
54,
55,
56,
90,
91,
92,
37,
88,
38,
82,
96,
83,
97,
84,
39,
89,
9,
48,
49,
85,
98,
4,
5,
99,
40,
86,
34,
87,
52,
35,
53,
31,
50,
51,
22,
45,
23,
24,
36,
32,
33,
46,
77,
47,
8,
78,
42,
2,
14,
43,
80,
15,
44,
81,
79,
11,
93,
12,
28,
94,
95,
17,
18,
13,
1,
19,
10,
100,
25,
26,
27,
3,
29,
30,
41,
20,
21,
16,
why,
www,
68,
69,
7,
65,
66,
67,
73,
74,
75,
76,
70,
71,
72,
37,
6,
38,
39,
60,
48,
22,
61,
31,
49,
23,
32,
24,
5,
4,
33,
34,
40,
62,
35,
41,
63,
36,
2,
64,
45,
52,
20,
53,
46,
21,
57,
47,
14,
58,
15,
90,
50,
59,
16,
51,
42,
11,
91,
82,
54,
17,
43,
12,
44,
55,
18,
56,
19,
13,
96,
25,
97,
26,
1,
27,
98,
10,
99,
100,
93,
94,
95,
88,
89,
9,
8,
3,
80,
30,
81,
77,
83,
85,
78,
84,
79,
86,
87,
92,
28,
29,
www,
why,
68,
69,
7,
65,
66,
67,
37,
73,
38,
74,
39,
82,
8,
75,
83,
70,
76,
80,
71,
84,
81,
72,
4,
90,
40,
91,
41,
92,
85,
77,
86,
78,
87,
79,
34,
35,
36,
88,
89,
9,
31,
32,
33,
96,
97,
93,
22,
94,
14,
23,
98,
95,
15,
48,
99,
16,
49,
24,
5,
45,
46,
47,
17,
52,
2,
18,
53,
6,
19,
50,
60,
20,
51,
42,
61,
21,
43,
11,
25,
28,
62,
12,
26,
63,
13,
29,
27,
44,
57,
64,
1,
58,
3,
10,
54,
30,
100,
55,
59,
56,
www,
why,
